標題,作者,日期,推文顯示,推文數,連結,內文
[新聞] 余欣蓓推動「耳朵電影院」計畫　陪伴視障者聽電影,CCY0927,12/25,4,4,https://www.ptt.cc/bbs/movie/M.1766674456.A.22D.html,"https://www.cna.com.tw/news/acul/202512250120.aspx
幕後英雄1／余欣蓓推動「耳朵電影院」計畫　陪伴視障者聽電影

2025/12/25 14:27（12/25 15:01 更新）
https://i.urusai.cc/nVcF2.jpg
作家、有聲影像推動者余欣蓓今年7月到11月在全台5個地方6家電影院推動「耳朵電影院
－口述影像共融全國巡迴推廣計畫」，鼓勵視障者走進電影院，透過專業配音者的導聆，
讓視障者看電影時很快融入電影情境。（心陪有聲提供）中央社記者邱祖胤傳真 114年12
月25日

一部好的作品需要眾人通力合作，除了鎂光燈前表演者的努力，幕後人員的付出更是功不
可沒，也應該得到肯定，中央社推出「幕後英雄」專欄，每週三固定推出這些英雄的故事
。

（中央社記者邱祖胤台北25日電）想像盲人也能自在走進電影院，與明眼人一樣享受藝術
，今年首創「耳朵電影院」就在視障者間掀起討論，背後推動者、作家余欣蓓表示，希望
來看電影的人都有「被陪伴的感覺」。

余欣蓓接受中央社記者專訪表示，這項活動在文化部影視及流行音樂產業局支持下，今年
7月到11月在全台5個地方6家電影院推動「口述影像共融－全國巡迴推廣計畫」，分別播
映「周處除三害」、「我家的事」、「莎莉」、「夜校女生」、「乒乓男孩」等片。在她
所創辦「心陪有聲公司」夥伴的協助下，透過專業配音者的導聆，讓視障者看電影時沒有
斷裂感，很快就融入電影情境。

不少視障者給予余欣蓓的回饋讓她感動不已，「有一位父親知道有這項訊息時，問他的視
障兒子：『爸爸帶你去看電影好嗎？』兒子馬上點頭，這位父親馬上掉眼淚，因為他可以
幫孩子完成一項他未曾實現的夢想。」

也有視障者向余欣蓓表示，自己上次看電影已經是20年前，而且當時視力幾乎所剩無幾，
除了演員的對白及音效之外，其他影像對他而言完全是空白的，這次的口述影像幫他補足
了對畫面的想像。

本著對弱勢族群及女性處境的長期關注，余欣蓓總是能從小處著眼，去幫助更多需要幫助
的人，她說：「這得感謝我的母親，她是啟智學校的老師，我小時候就經常跟著她到學校
，和許多弱勢、年齡卻比我還大的孩子相處；此外家族有一位患有精神疾病的長輩。這一
切都讓我學會將心比心，以及懂得陪伴的心情。」

余欣蓓笑言自己的綽號是「弘願大師」，只要自己發願想做的事，她總是對身邊的人說出
口，然後就會有一群人幫她一起實現。事實上早在她的「口述影像」計畫之前，她先做了
「有聲書」，而且是一項跨國、跨域的龐大計畫。

大學念哲學系、研究所念中文系的余欣蓓，一路受到多位女性主義前輩的啟蒙，曾歷經女
書店、女學會等工作。2018年旅法期間為藏傳佛教上師作品「次第花開」製作有聲書，開
啟她以聲音介入閱讀的道路。2019年她以書寫陪伴思覺失調病友的經驗完成「大霧中人」
一書，獲得廣泛迴響，更因此書與九歌出版結緣，為旗下的台文小說「等路」製作有聲書
。

「我一開始想得很簡單，但實際上做起來非常複雜，你要找誰來念？這個人念得好不好？
華語轉成台語怎麼轉？音效配樂要怎麼做？」余欣蓓在邊錄邊學的情況學會了所有事，逐
漸做出口碑之後，也開始為公視「人生劇展」撰寫口述影像稿。

從「有聲書」到「口述影像」工作，余欣蓓始終一本初衷，堅持以「陪伴」的心情面對作
品，「口述影像的準則是不要過度評斷，把作品變成我們個人的作文，你還是要守住文本
，然後再現那個畫面，不能當成是個人的創作表現」。

余欣蓓特別對「口述影像」有一種使命感，認為是項落實文化平權的實際行動，「視障朋
友透過走出家門、進入電影院的儀式感，真正走入社會、參與社會，這是一件很有意義的
事」。她期待更多人支持這項計畫，也讓更多視障者願意走進電影院「聽」電影。（編輯
：張雅淨）1141225
https://i.urusai.cc/xnMVN.jpg
今年7月到11月間舉辦的「耳朵電影院－口述影像共融全國巡迴推廣計畫」，在全台5個地
方6家電影院放映「有聲影像」，不少視障者走進電影院，欣賞這些特別為他們準備的影
像，感受完整的觀影經驗。（心陪有聲提供）中央社記者邱祖胤傳真 114年12月25日"
N/A (本文已被刪除),-,12/25,0,0,N/A,N/A
[新聞] 受爭議的《星際過客》獲NASA太空人好評！,XDGEE,12/25,34,34,https://www.ptt.cc/bbs/movie/M.1766677607.A.524.html,"受爭議的《星際過客》獲NASA太空人好評！

由好萊塢女星珍妮佛‧勞倫斯主演的科幻電影《星際過客》（Passengers，陸譯：太空旅
客，2016）雖然評價褒貶不一，但因為其內容呈現了真實的科學現象，得到NASA太空人的
好評。

太空人克里斯‧哈德菲爾德（Chris Hadfield）是第一個執行太空漫步的加拿大人。2020
年，他談到《星際過客》中的星際太空船以旋轉方式來製造人工重力，來讓珍妮佛‧勞倫
斯（Jennifer Lawrence）扮演的角色可以自由移動時，他向《浮華世界》（Vanity Fair
）

（點這）說：「你總不能一直處於失重狀態。試想如果你的寶寶是在無重力環境下受孕、
發育並成長的，會變成什麼樣子？他們的身體肯定無法正常發育。」

哈德菲爾德談到在太空中如何製造真的重力：「若附近沒有行星（給予重力），該如何製
造重力？當然，其中一種法子，就像我們在小型實驗中用離心機高速旋轉那樣。你可以讓
整艘太空船高速旋轉，這樣大家就被離心力甩在船艙內的最外側，這種感覺就跟重力一樣
了

。」

他繼續說：「如果你關掉旋轉動力，它還是會旋轉很長一段時間。實際上沒什麼東西會減
慢它的轉速，這就是《星際過客》裡的一個重要場景。太空船出問題了，停止了旋轉，所
以，大家就變成像當今國際太空站那樣飄起來了。」

但由於《星際過客》中，勞倫斯在太空船壞掉沒多久，船體旋轉很快就停了，她就飄了起
來。哈德菲爾德認為這點就有點怪，他說：「我不確定為什麼太空船斷電後就突然慢了下
來。其實，你得給太空船裝超大煞車，這樣才能讓整艘船停止旋轉。我不明白為何船體衝
進

小行星帶時沒繼續旋轉，但要是真那樣的話，那故事就沒這麼精彩了。」

哈德菲爾德接著談到片中一個特效場景把太空失重狀態描述的很好。那一幕中，勞倫斯扮
演的角色在泳池中游泳時，突然太空船壞了，人工重力突然失效，把她困在一大顆漂浮的
水泡中。

哈德菲爾德說：「假設飛船停止自轉，大家處於失重狀態，其中一個角色正在泳池裡。無
重力，水會變成什麼樣子？在國際太空站上，我們總愛玩水。你往空中噴水，水滴就會飄
浮在你面前。但因為表面張力因素，水滴自然變成了完美的球形，那是水最容易形成的形
狀

。」

「假設你有個泳池是靠重力穩定住的，」哈德菲爾德繼續說，「然後太空船的旋轉減慢，
重力沒了，那水會因為慣性而晃動。但後來，水流幾乎就像一個巨大的液滴，然後會緩緩
地凝聚成一顆球。我認為這場景的效果呈現得相當出色。」

在片中，還有一幕是勞倫斯被困在水泡中努力想遊出去呼吸，還差點死掉。哈德菲爾德談
到這裡時說：「最奇怪的是，若當時你身處水中，又該如何判斷游向何處？如果沒有了上
下的區分，那水面究竟在哪個方向呢？」

哈德菲爾德補充說：「假設太空船上真的有游泳池的話，那麼那一幕確實非常逼真又準確
。不過，這幕處理方式還有點牽強，因為想讓太空船再轉起來，然後產生離心力，水才會
被甩壓回游泳池內。但要讓靜止的太空船，那麼巨大的金屬物體再重新轉起來，這就要花
非

常大的力量和時間。」

哈德菲爾德還說：「現實中絕對不是像電影中那樣，然後砰一聲瞬間重力就重新恢復了。
就像電影裡演的重力就如開關一樣，突然重力就來了大家都摔到地板上。但如果真實呈現
，就無法營造出視覺衝擊力，更無法讓那位年輕女船員在還有最後一口氣時衝出水面活下
來

啦。」

據Box Office Mojo統計，《星際過客》的製作成本為1.1億美元，全球票房收入為3.03億
美元。在評分方面，美國網路電影資料庫（IMDb）滿分為十分，截至今日，獲得觀眾7.0
的佳評；影評網站「爛番茄」影評員與觀眾分別給予30%及63%褒貶不一的新鮮度。

《星際過客》劇情描述未來世界人類已步入先進科技，家園移民公司開發其他星球成為地
球殖民地，並發展可航行星際旅程的太空船；為防止時間在航行中流逝，旅客會在休眠艙
裡冬眠，航行120年後展開全新生活。吉姆（克里斯‧普瑞特 飾）的休眠艙因不明原因，
竟

在抵達前90年提早開啟。

吉姆在意外甦醒的一年內，用盡所有方法卻無法回到休眠艙，心灰意冷的他遇上了沉睡的
奧蘿拉（勞倫斯 飾）。吉姆和奧蘿拉被困在移民的星艦船內，無法自拔地愛上了彼此，
於此同時，移民星艦開始漸漸崩解，他們必須找出提早甦醒的原因，試圖拯救移民星艦面
臨沉

沒於宇宙的悲劇。
https://www.epochtimes.com/b5/25/12/24/n14661659.htm"
[新聞]《復聯5》第二支預告！雷神索爾回歸！,XDGEE,12/25,0,0,https://www.ptt.cc/bbs/movie/M.1766677649.A.835.html,"《阿凡達：火與燼》再曝《復仇者聯盟5：末日崛起》第二支前導預告！　雷神索爾回歸
黑暗與父性主題

漫威影業近日釋出《復仇者聯盟：末日崛起》第二支前導預告，目前已在戲院中、隨《阿
凡達：火與燼》（Avatar: Fire and Ash）放映前登場。與首支預告聚焦史蒂夫·羅傑斯
不同，這次鏡頭轉向由克里斯·漢斯沃（Christopher Hemsworth）飾演的「雷神索爾」
，展現

一種久違的沉鬱與內省氣質，引發粉絲熱烈討論。

在最新畫面中，索爾向已故父親、由安東尼·霍普金斯

（Anthony Hopkins）斯飾演的奧丁祈禱，懇求能再見到自

己的養女。獨白中，他放下王冠、榮耀與戰爭，只求命運

能多給他一些時間，呈現出一位飽經失敗、背負失落的父親形象。

這樣的設定，也暗示新阿斯嘉正籠罩在不安與黑暗之中。

不少觀察指出，這支前導最大的亮點，在於索爾終於脫離近

年過度喜劇化的描寫，重新回到兼具威嚴與悲劇感的狀態。

回顧MCU發展，索爾的角色基調長期搖擺不定，早期《雷神索爾》

系列偏向戲劇性與史詩感，到了《雷神索爾：諸神黃昏》

（Thor: Ragnarok）與《雷神索爾：愛與雷霆》（Thor: Love and Thunder），

則大幅轉向搞笑風格，雖帶來娛樂效果，卻也屢遭批評削弱情感重量。

相較之下，2018年的《復仇者聯盟：無限之戰》（Avengers: Infinity War）

被視為索爾塑造最成功的一次，完整描寫他面對失敗與責任的內心掙扎。

此次《末日崛起》由羅素兄弟回歸執導，並由《洛基》影集編劇麥可·沃卓倫

（Michael Waldron）共同參與劇本，被外界認為有望延續《無限之戰》的成熟調性。

雖然目前仍難以從短短一分鐘的預告判斷索爾在整體劇情中的份量，以及他與由小勞勃·
道尼（Robert Downey Jr.）飾演的末日博士之間的衝突細節，但這支前導已成功為角色
翻轉形象，釋放出正面訊號。

對長期期待嚴肅版索爾回歸的影迷而言，《復仇者聯盟：末日崛起》或許正象徵雷神角色
的一次關鍵修正與重生。
https://www.toy-people.com/?p=106275"
[負雷] 阿凡達3火與燼  別再拍了,boyo,12/26,11,11,https://www.ptt.cc/bbs/movie/M.1766679133.A.748.html,"崩潰   見好就收很難嗎?


~*-*~*-*~*-*~*-*~*-*~*-*~*-*~*-*~*-*~*-*~*-*~*-*~


















~~~~~~~~~~~~~~~~~~~ 雷文 主文分隔線 ~~~~~~~~~~~~~~~~~~~~~~~~~~~~~~~~~


老實說整個構造跟十幾年前的第一集差不多，

壞人(地球人)入侵 -> 中間各種八點檔 -> 好人整隊對決壞人 ->  眼看要輸了祭司之類的放地圖砲 -> 壞人GG

我沒看第二集，不過我猜劇情應該差不多。

就跟星戰789，神鬼戰士2一樣，這導演大概也步上了他們的後塵。

再怎麼神的ip，老梗一直出，有些畫面根本嚴重參考第一集吧，真的會膩。

第一集真的是神作，各種劇情加上絕美3D特效。唉。

今年應該看到這邊了，拜在家旁邊的影城終於蓋好之賜，多看了不少電影。

最有創意的，還是終極戰士殺戮星球，強烈推薦。"
[爛片雷] 大蟒蛇,sam812,12/26,3,3,https://www.ptt.cc/bbs/movie/M.1766679956.A.38D.html,"看完只覺得浪費錢，不用看

要搞笑沒有，只有一個背野豬的片段還直接寫在新聞稿當看點。

要劇情也沒有、驚悚刺激也幾乎沒有，不太懂這部片的定位到底是什麼？

這部片的編劇、導演是跟現在的社會有多脫節？
索尼到底有沒有拍過完整的電影？
索尼真的根本是爛片大公司！

如果說Netflix毀了電影院，那這種大爛片才應該負90%的責任，一張電影票可以訂一個月
會員，誰還要去浪費時間浪費錢！"
[請益]阿凡達3 人類為什麼不用高空炸彈解決?,JessicaKuo,12/26,9,9,https://www.ptt.cc/bbs/movie/M.1766682518.A.CF2.html,"不知道阿凡達3是幾年 假設2200年

光是現在就很多高空武器...你說導彈受磁場影響

那轟炸機直接飛到沒有空氣的高度 隨便丟 也能炸死要炸的東西

怎麼可能低空跟那美人打肉搏戰

阿凡達1說不知道也就算了

都輸過一次 還在搞人類操控的肉搏戰

應該都要機器人 無人機 細菌戰 病毒戰 遠距離戰爭 生化戰

導彈 衛星武器 怎樣都不可能輸...總歸一句 阿凡達3的人類實在太弱了

阿凡達1的人類上校還強一點"
Re: [討論] 古惑仔系列為何不繼續拍下去？,smalla0717,12/26,5,5,https://www.ptt.cc/bbs/movie/M.1766683899.A.B9C.html,"※ 引述《ArkingChen (阿扁巴巴大俠)》之銘言：
: ※ 引述《lucky70121 ( )》之銘言：
: : 首先我知道 鄭伊健不想再演陳浩南
: : 但是龍爭虎鬥之後 還陸續拍了很多外傳
: : 2000年也拍了勝者為王
: : 更別說還有換角色的新古惑仔
: : 那為何不繼續跟著原著拍下去
: : 我後來有去追原著 後面的故事才精彩 竟然不拍？
: : 陳浩南跟山雞反目成仇 還有後來山雞死了
: : 陳浩南也沒好下場 這才是真正要拍的電影
: : 讓大家知道 混黑社會的最終都沒好下場
: : 這才是電影帶給社會正面的意義吧
: : 而不是讓觀眾認為混黑社會就是 夠屌 威風 英雄主義
: : 這樣根本就是本末倒置
: 有得拍，沒人會跟錢過不去。
: 《古惑仔之人在江湖》票房2100萬港幣
: 《古惑仔2之猛龍過江》票房2200萬港幣
: 《古惑仔3之隻手遮天》票房1900萬港幣
: 《97古惑仔之戰無不勝》票房1500萬港幣
: 《98古惑仔之龍爭虎鬥》票房1200萬港幣
: 《勝者為王》票房770萬港幣
: 拍了6集邊際效應遞減，都已經北風北了，誰還想當冤大頭啊。
因為人會老 時代會變

97以前看的黑幫電影叫《古惑仔》
97以後看的黑幫電影叫《黑社會》
黑社會已經從個人英雄主義升級為政治遊戲了

以前看古惑仔很屌很潮
有大半是拍香港生活發生的故事
就像角頭電影我們會自動帶入地方宮廟的感覺

至於2010之後香港幾乎沒什麼黑幫電影
這又是另外一個故事了"
N/A (本文已被刪除),-,12/26,0,0,N/A,N/A
[好無雷] 《橫衝直闖》,nobady98,12/26,3,3,https://www.ptt.cc/bbs/movie/M.1766689141.A.B37.html,"https://i.imgur.com/1U8P0Jp.jpeg
又要一張圖用兩次了

這是一部敘述一個人為了自己的夢想
而拋棄許多事物的故事
就跟我在看龐波小姐時一樣
為了專注在某件自己所專情的事情上
所以要拋棄一切
甚至是不得不的手法
不道德的手法

這部電影拍的很像是真人實事的傳記一樣
然而我剛才查了才知道是虛構故事
編劇很厲害
整體節奏很緊湊
就跟主角的個性一樣
幾乎一刻都不得閒
有點過於緊湊而導致無法順利呼吸
就跟像在看實際運動員比賽一樣
非常刺激

我覺得這部很不錯
然而我昨天剛複習完龐波小姐
我個人是更喜歡龐波小姐就是了
畢竟這部有些部分
不知道該怎麼說呢
我不會推薦給朋友去看就是了
主要是在於主角的行為
實在是有些太超過了
可能一般人會覺得很難接受

還有一個
後面日文主持人說的話都沒翻譯
我覺得有點可惜
畢竟自己聽得懂八成
就會覺得那些實況的話翻出來的話
對戰況和劇情理解會更有幫助"
[普無雷] 《大蟒蛇》這是一部逐夢的電影,nobady98,12/26,0,0,https://www.ptt.cc/bbs/movie/M.1766691139.A.F2E.html,"https://i.imgur.com/1U8P0Jp.jpeg
威秀排的時間真好啊
我橫衝直闖一看完就立刻趕到大蟒蛇的影廳
一進去剛好在觀影前須知的部分

我這個人是沒看過就不評論的人
就算有人說這片多麼難看
我沒親自看過我就絕對不去評論

至於這片
他很早就說了
「這是一部逐夢的電影」
當然除了戲內在拍的電影外
也是在影射這一部作品
不是什麼恐怖片
而是一部逐夢的電影

要是以前的我
或許會給這部一個負雷的評價
但看過一部電影的本質後
我反而想給個好雷

因為這部電影的主線是「拍電影」
旁線才是「大蟒蛇」
而且是很標準的劇本範本

從一般角度來看
這片的轉折也算是精彩
搞笑的橋段也都有好好發揮出來
全程也幾乎沒有什麼尿點
最大的缺點就是片長可以再縮短一點

更深一點看這部電影
就會發現他們幾乎都不離開「攝影」的機會
因為主線就是「拍電影」
而且是從小的夢想
大家也都豁出去拍這一部作品
某種意義上來說
跟《橫衝直闖》有相似之處

但很抱歉
我是連著看的
這部片明顯不如《橫衝直闖》
所以我只能給下一階的普雷了"
[討論] 本週電影短評討論串(2025/12/26)(禁爆雷,nobady98,12/26,2,2,https://www.ptt.cc/bbs/movie/M.1766695745.A.779.html,"https://www.atmovies.com.tw/movie/new/
海綿寶寶電影版：尋寶大冒險 The SpongeBob Movie: Search for SquarePants
大蟒蛇 Anaconda
陽光女子合唱團 Sunshine Women Choir
那張照片裡的我們 The Photo from 1977
大衛：王者降臨 David(2025)
橫衝直闖 Marty Supreme
血降 Penjagal Iblis: Dosa Turunan
東京計程車 Tokyo Taxi
佐賀偶像是傳奇 夢幻銀河樂園 Zombie Land Saga: Yumeginga Paradise
時間暫停的季節 Suspended Time

以及其他你想討論的電影"
[負雷] 阿凡達3火與燼 又一部DEI腦弱政治正確作品,PosetMage,12/26,21,21,https://www.ptt.cc/bbs/movie/M.1766709103.A.EF6.html,"雷文防雷資訊頁



先說一句  去你媽的信義威秀   昨天跟女朋友去取票  提早到了還是被遲到

因為六台取票機只有兩台能用  另外四台壞掉  這種節日取票機壞四台

進座位前馬的退錢啦幹...  看完電影後 也不用退錢了  垃圾劇情少看少不爽

~*-*~*-*~*-*~*-*~*-*~*-*~*-*~*-*~*-*~*-*~*-*~*-*~



~~~~~~~~~~~~~~~~~~~ 雷文 主文分隔線 ~~~~~~~~~~~~~~~~~~~~~~~~~~~~~~~~~


首先 劇本跟最後生還者2一樣  是""教育大作""    編劇毫無基本的常識

再者 鏡頭語言根本智障鏡頭  一堆遊戲視角邏輯   我是來看電影還是來看實況


劇本腦殘的地方  NPC一定會等到主角行動  才會有下一步劇情

主角又在喊寬恕  一直想渡化上校  北七   男主角跟女主角智商下線 只會當狂戰士


再隨便講智障的地方  要濫殺生物  說殺了後面環境可以獲利一千億美金

我整個笑出來  大哥你們那艘大的就不只一千億了

喔 好像有可能很便宜喔  你們戰艦的敵我辨識系統認不出ID  只看放行/不放行



好戰一族的女老大   前面驍勇善戰  可以一對多戰鬥  結果被小妹妹抓到頭髮連結神經

突然不會打架了


猴子也蠻智障的一開始搭船的時候氧氣罩快沒了也不拿備用的放身上

結果後面才說備用氧氣罩在船上   那你他媽剛剛為什麼不先換新的



其他一堆解釋性台詞   愛好殺戮的人絕對會等主角來救援.....


遲到也好  少吃兩口大便"
[閒聊] 保羅路德以前原來有拍過香港電影,teramars,12/26,2,2,https://www.ptt.cc/bbs/movie/M.1766713051.A.439.html,"就是前幾天在電影台看到的

當時正在播的是《特警新人類2》
由 陳冠希 馮德倫  李燦森  主演
https://i.meee.com.tw/hNYEInw.jpg
看到裡面有一個外國演員 看起來很面熟
https://i.meee.com.tw/BBjVlMR.jpg
https://i.meee.com.tw/E6mDjcv.jpg
查了一下這部電影參與演出的演員才發現

居然是 保羅路德 ！！！！

沒想到他以前居然有拍過香港電影

而且不得不說 年輕時候的保羅路德還蠻帥的
https://i.meee.com.tw/xnb64MB.jpg
https://i.meee.com.tw/0JdU0Bj.jpg"
Re: [討論] 古惑仔系列為何不繼續拍下去？,ultmisia,12/26,4,4,https://www.ptt.cc/bbs/movie/M.1766713242.A.3E5.html,": 97以前看的黑幫電影叫《古惑仔》
: 97以後看的黑幫電影叫《黑社會》
《古惑仔》漫畫已是這走向了
這裡我想幫丁瑤喊冤一下：

丁瑤是一個好女人。

她沒有嫁給一個老頭子，在原著裡面三聯幫是香港社團，跟丁瑤一點關係都沒有，

跟丁瑤有關係的是""毒蛇幫""，現在是漫畫裡的台灣第一大幫，

丁瑤跟毒蛇幫之所以有關係也不是因為她當了誰誰誰的情婦，

她跟毒蛇幫有關係只因為她的哥哥是毒蛇幫前任幫主。



說到山雞這混帳我就氣，

他媽的自己桶了簍子，搞到馬英九跟蕭萬長發動""清毒專案""，利用政府勢力圍剿毒蛇幫，

這整件事還不是丁瑤幫忙扛下來??

丁瑤跑去跟蕭萬長的姪子蕭公子談條件，讓蕭公子睡了她一晚，

犧牲這麼大終於讓清毒專案雷聲大雨點小讓蕭公子河蟹掉，

山雞地位保住了卻因為這件事反而疏遠丁瑤，

她奶奶的人家丁瑤給你吃給你住給你兄弟給你錢跟事業，

還在你社團裡面任勞任怨充當總會計，甚至晚上還讓你睡，

你把社團搞到快掛了還願意犧牲貞操救你小命，

結果你就這樣對待你老婆??說這個山雞中二還真是沒說錯。



電影跟漫畫完全是反過來的，

電影裡面丁瑤只是利用山雞，而山雞則是很愛丁瑤，

漫畫原著裡面丁瑤愛山雞愛的要死，愛到深處無怨尤，

反而山雞之所以遠離丁瑤只因為他覺得他的男性尊嚴受到侮辱，

疏離丁瑤之後還是夜夜笙歌，藉著過人體力跟大把女人OOXX，

連女兒趙縈都因為她跟媽媽丁瑤很像所以疏遠她。



幹!!她你女兒耶!!只因為長得像媽媽所以就不理她了??

這種不叫做禽獸，叫做罹患重度中二病的禽獸，

只能說丁瑤愛到卡慘死。



現在山雞自己愛去搞洪興搞到被洪興請泰國人暗殺了

丁瑤還在收他的爛攤子，

山雞兒子當毒蛇幫主，毒蛇幫也多虧靠背後這位丁大姐撐了十五年。

丁瑤應該是改編作品被抹黑得最嚴重的吧！(攤手)"
[負雷] 阿凡達火與燼-卡麥隆自甘墮落,ilovesamsung,12/26,9,9,https://www.ptt.cc/bbs/movie/M.1766717609.A.4EF.html,"這集3D視覺效果依舊頂尖
但明顯是跟著2同時拍的分開剪接而已
第二集帶來全新的水世界令人驚艷
但這集場景沒啥新意甚至大量重複
結尾的沉船根本複製貼上

劇情灌水嚴重、邏輯漏洞多
把90年代的老派敘事
套在現在頂尖的技術


且影迷對這系列、對卡麥隆的期待是更深的
這系列的世界觀更有野心的話
理應能創造更深的人性、道德衝突深度
可惜卡麥隆選擇向全年齡向的票房妥協
讓劇情和人物變的更「迪士尼」「Family」
看似鬧烘烘的但實際緊張感不足、極好預測
角色毫無魅力
本來期待灰燼族會很重要
結果雷聲大雨點小
沒有刻劃跟主角種族的理念衝突之類
就單純是壞人89猴子NPC
其他人類也是單純的壞又蠢
主角群就一群聖母
倒是柯上校是全片最有魅力

很多人說這部看特效不用管劇情
卡麥隆真的作到了
讓觀眾對角色死活毫不在意

一個大ip
應該要有很多讓影迷討論爭辯的點
角色也要讓觀眾有感情才對
如復仇者聯盟、星戰系列
阿凡達真的是看完走出場時
真不知道要討論啥
配角名字也記不得
(玩命關頭的配角都比較令人印象深刻)

卡麥隆讓阿凡達系列成為「當代技術突破」
但膚淺的敘事
注定不會成為「傳世的經典」
20年後，沒人會記得、重溫"
[公告] 電影板板規 2025/10/26,ckshchen,9/04,0,0,https://www.ptt.cc/bbs/movie/M.1630756788.A.1FE.html,"※ [本文轉錄自 ckshchen 信箱]
作者: TtTt4 (夜間飛行) 看板: movie
標題: [公告] 電影板板規2020/8月
時間: Wed Aug 12 22:30:03 2020
◢██◣ ◢██◣ ◢██◣
◢▉█◣ ◢██◣ ◢◣◢◣ ◢██◣ ◢██◣
██▊█ ████ ████    ████ █▉██ █▉██   ██   ██▇▇
███◤   ██     ██
████ █▉██ ◥▉█◤   ██   ██▇▇
◥█       ◥◤     ◥◤
◥◥◤◤ ◥██◤   ◥◤   ◥██◤ ◥██◤
板規
電影版版規
(12/8/2020修正)
1.
本版為電影(MOVIE)討論版
，而非影劇八卦版，版面文章提供板友討論與電影相關議題
為主，包括但不限於：電影作品暨相關內容、電影獎項、電影政策、電影產業資訊、觀影
心得等議題、電視(網路)電影資訊等。


2. 禁止無關電影板旨討論，或與電影版關聯薄弱，包括但不限於無關電影作品、影劇八
卦新聞等文章，
違規刪文，多次觸犯水桶。
3. 政治規範，本板禁止
純政治文
，但在討論電影的前提下可討論政治:

電影本身非討論台灣政治的
發文扯到台灣政治的水桶，會累加
推文扯到台灣政治的水桶，不累加(但發現是累犯會累加)
疑似影射的，刪文不水桶，但多次會水桶



4. 禁止 挑釁、引戰、人身攻擊、歧視性字眼、不雅文字的情緒性言論，經依據前後文義
判讀有惡意言論行為，反串或鬧版不在下列一樣會成立:

   a.以政治標籤包括但不限於：吱吱、蛆蛆、支那、皇民……等攻擊板友， 或特定版友
間人身攻擊、謾罵，且須經當事者檢舉成立，不是提到政治標籤就成立，而攻擊對方的政
治立場這邊允許政治譬喻，但禁止辱罵對方的政治立場。

   b.無正當理由以情緒性、負面詞彙謾罵或以動物代稱特定人、族群、國家看前後文判
斷有無惡意，辱罵程度。

   c.經發文者檢舉於推文無理由指稱工讀生、廣編等言論

   d.
可討論演員性徵外貌是否符合該角色的氣質特色，但專門意淫發文不行，
推文則
看是否重覆洗版，開放討論性徵，但以此鬧版一樣會水桶。

   e.
釣魚條款
，如事出有因，例如:原文或推文被判定為爭議發言，因回應而觸犯版規者
，處罰視情節嚴重從警告到三天且不累加。
(僅在本版，請注意發文者仍可能到法院提告之類的，請節制發言)

5. 禁止票券買賣、交換等行為的文章

   除5-a以外違規水桶一週並刪文  視情況加重

   a.口碑行銷活動產生的正常心得文不視為違規；但若於電影首輪院線 上映前或上映期
間，以多重帳號（分身）發布或轉錄該電影之相關心得、資訊、報導，致有干擾板友判斷
電影優劣之情事，即視同商業行為，經查證屬實，水桶期限 2 年。

   b.「新聞」類中夾帶的售票資訊，如非第三方媒體（如報紙、雜誌、電視）報導原文
所有，皆視為本條之商業買賣行為。

   c.遭處罰之帳號如經判斷為電影製作、發行、行銷、贊助相關業者所持有，該業者將
列為本板不受歡迎名單至少 2 年，期間禁止一切行銷活動(包括但不限於贈票、抽獎等)
消息之發布。

   d.台灣地區合法OTT平台優惠情報一個禮拜只能一篇統整

   e.版友揪團包場資訊不以票券買賣視之或不以本條版規處分



6. [
雷文條款
] 未上映或在台上映未滿六個月電影劇情心得文章規範
            違反6-b、c者刪文並水桶一週
            違反6-e、g者視情況和犯意最重可以退文水桶30天或推文水桶60天

   a.透露影片官方發布電影預告內容或劇情說明已知部分可免受此條文規範

   b.在未做任何警告或標註不明顯的情況下予以透露；

   c.無論雷文警告寫於標題或內文，應將警告文字單獨成行，
     並間隔放雷處一頁以上。並依據發文格式發布
     (標題有標，內文可標可不標，標題沒標，內文一定要防雷)

   e.標題標註無雷欺騙版友，內文透露關鍵劇情者
     或於無雷文推文透露關鍵未公開劇情者 標題直接爆雷者 加重處分

   f.在台公開上映滿六個月或在台未上映且其他國家公開上映超過一年
     電影作品內文可不受此條文規範，發文標題則無上映期限限制

   g.發文標題爆雷規範：無論電影上映多久外標題一律不得爆雷



7. 短時間內大量無內容推、噓文鬧版者,水桶一星期。


8.
一日發文總數以三篇為限，刪文仍計算在額度中，超過者直接水桶七日。
此條處分不累計，但一個月內犯兩次、一年內犯三次視同鬧板處理。

獎季相關整理文章(各影評人獎、指標獎、各家年度榜單)
不受發文額度限制
要以整理過的才算 直接轉貼新聞不算 請注意
9. 發文詢問即可查詢的資訊，刪文處置，多次觸犯可水桶。

　   a.網路或電影時刻表

    b.戲院交通、軟硬體座位規格、周邊設施、訂票資訊等相關問題請至 Theater戲院版
發問：視聽劇場"
"[公告] ""大濛""相關新聞 禁發",ckshchen,12/21,XX,0,https://www.ptt.cc/bbs/movie/M.1766285434.A.C69.html,"大濛 11/27上映
現在 12/21
宣傳已經足夠

相關新聞下面常常都是政治推文吵架
罵藍罵綠罵白都有


相聞禁發，發的砍除，水桶三天，不累加

過去新聞不會砍除
心得文能發(但會看內容決定是否空洞洗版引戰)"
[好雷] 凱勒家的聖誕假期,zzauber,12/25,1,1,https://www.ptt.cc/bbs/movie/M.1766592333.A.A63.html,"https://i.mopix.cc/aRWSDs.jpg
A Keller Christmas Vacation
凱勒家的聖誕假期
2025美國Hallmark TV Movie
https://youtu.be/753ckP2fdQc?si=3QY8v-ttnK7QoCFc
平安夜，看了這部影片，過程中，幽默，微笑，開心，温馨，感人。是感覺很好的應景片
。

一向很喜歡看聖誕節應景的劇作，各類型都可以接受，Hallmark每年拍攝的傳統的聖誕劇
作，許多年來看了不少，喜歡的不少。今年這部描述來自美國的一家人，父母二兒一女五
人，一起在聖誕假期參加多瑙河郵輪的旅遊的故事，旅遊行經德國巴伐利亞，奥地利的薩
爾兹堡，維也納...充滿聖誕節慶氣氛。本片三位主要角色，扮演大哥Cal（Brandon Rout
h, 超人再起 Superman Returns）二哥Dylan（Jonathan Bennett, Mean Girls辣妹過招
）小妹Emory（Eden Sher, Middle左右不逢緣）的演員，三位都有我喜歡的作品，小妹好
久不見，挺驚喜的。
這是一部溫馨感人的 Hallmark 節慶佳作，個人滿意度85分。


~*-*~*-*~*-*~*-*~*-*~*-*~*-*~*-*~*-*~*-*~*-*~*-*~



~~~~~~~~~~~~~~~~~~~ 雷文 主文分隔線 ~~~~~~~~~~~~~~~~~~~~~~~~~~~~~~~~~


以下有劇透。


Cal, Dylan,Emory成年兄妹，與父母一起搭乘遊輪暢遊德國多瑙河，共度佳節。這部影片
的亮點不僅在於如詩如畫的風景，更在於其核心所展現的真實動人的家庭關係。兄妹三人
，甚至包括父母，都面臨各自人生的挑戰，從感情問題到事業困境。這部電影並沒有迴避
這些困境，而是將它們融入故事中，使角色更加真實可信。

最精彩之處在於三位主角之間自然流露的化學反應。 Hallmark 影片，有些對兄妹關係的
刻畫並非傑出，但這部影片呈現結果很精彩出色。他們之間亦敵亦友的關係、互相捉弄以
及真誠的關懷都顯得格外真實。覺得他們真的就像親兄弟姊妹一樣，令我會心一笑。


秉承 Hallmark 聖誕影片的傳統，這部電影充滿了溫馨感人的時刻。本片每個角色都有令
人討喜的地方，結局看到父母兄妹對未來的決定，及這一家人擁抱在一起的情節畫面，寫
實感人，温馨美好。 90 分鐘的片長恰到
好處，非常適合在舒適的夜晚觀看，既溫暖人心，又洋溢著濃濃的節日氛圍。

平安夜，看完這片，感覺很好。"
[ 微好雷] 大蟒蛇-蟒蛇皮無厘頭搞笑骨,wedisonli,12/25,11,11,https://www.ptt.cc/bbs/movie/M.1766594246.A.202.html,"成員：1成年男+1國中男

主要就是主角團他們小時候有電影夢

長大了被現實困住，後來決定重拾夢想拍電影

然後一連串的事件

說真的前段沒那麼好笑

可以說是有點悶

而且大人才能懂那種無奈

但也不糟，就是有種要帶入情感給觀眾

後面有反轉

反轉後開始連續性的好笑

200以下的電影票可以進去笑一下"
[討論] 《動物方城市2》中文字幕？,shizukada,12/25,1,1,https://www.ptt.cc/bbs/movie/M.1766605292.A.908.html,"聖誕夜晚上去看了這部

開頭就覺得字幕怪怪的

本來以為是因為有重疊到新聞才這樣

沒想到從頭到尾都是

中文字幕幾乎都是比聲音快大概一秒吧

就是角色還沒說話就已經有字幕了

個人英文不好必須看字幕

但整場看下來覺得滿影響觀影體驗的 囧


第一集我覺得超好看

可是這集就偏普通

滿多地方全場都在笑但我看不懂笑點

而且有種雜亂的感覺

但胡尼克還是很帥啦 XD


片尾派對動物出來時大概一半的觀眾都走了

不過最後的最後還有小彩蛋

不趕時間的話還是可以待到最後啦"
[討論] 阿豆仔不喜歡看電影嗎?,qq326,12/25,4,4,https://www.ptt.cc/bbs/movie/M.1766624573.A.BAE.html,"我是一直到16歲才第一次踏進電影院(侏儸紀公園3) 第一次搭公車
可是這麼多年來 我好像從沒看過老外來看電影耶
不敢說完全沒有 因為我也不可能整廳每個人都看過一次面
所以用 ""很少""
為什麼阿豆仔在台灣不太喜歡看電影啊?
有人知道嗎?"
[請益] 沙丘的問題 小說,qq326,12/25,15,15,https://www.ptt.cc/bbs/movie/M.1766625081.A.E13.html,"我有收藏沙丘整套小說 共6本
第一集很厚很肥一本 其他都還好
想請問 小說123456本 劇情是等於電影的123456嗎?
我小說買來收藏也都沒看 只看過沙丘電影12集
如果真是這樣對照下來的話 那我看電影就好了
厚厚一本的小說都是字 實在是有點讀不下去

謝謝回答

(請大大諒解 別問為什麼不自己翻小說來對照12集的劇情 因為...劇情都忘了
暫時也沒時間複習 用問的比較快 謝謝)"
[負無雷] 《海綿寶寶電影版：尋寶大冒險》,nobady98,12/25,1,1,https://www.ptt.cc/bbs/movie/M.1766630994.A.E8B.html,"https://i.imgur.com/SjUkXnT.jpeg
圖重複使用啦

搞笑片最糟糕的就是不好笑
偏偏這部還真的不怎麼好笑
看得我呵欠連連

前面有忍者龜的聖誕小電影
那個彩蛋還比較多
但是海綿寶寶真的比電視版的還要難笑
跟我是看中文版的沒有關係
就單純是劇情很阿雜
硬塞的搞笑橋段也很少好笑的
角色演出也不立體
不如重刷一次佐賀偶像"
[普無雷] 海綿寶寶電影版 - 卡哇邦嘎,lalamans,12/25,1,1,https://www.ptt.cc/bbs/movie/M.1766631251.A.811.html,"派大星鎮樓
https://i.meee.com.tw/lgt7tHD.jpg
不曉得多久沒有進電影院看中文版電影了，沒想到連前面的電影預告都是中文配音(廢話)，感覺很……新鮮？

一開始的忍者龜短片，雖然很懷疑現在小朋友還有多少人知道這幾隻綠烏龜的事情，但對我這年齡友善：)

尤其是裡面反派講他的源起故事：一本正經的胡說八道，配上那個山寨slogan，我他媽快笑死

短片過後就是海綿寶寶正片了，故事來到我們熟悉的比奇堡。

遙想當初有意無意轉到momo親子台，看那個黃bob跟他的小夥伴們，曾幾何時心中那個白目方塊……呃……現在看還是覺得白目，加上中文配音，那種原汁原味的感覺，嘖嘖嘖。

故事節奏不錯，而且都是老班底(主要角色只有一個新角)，故事也很單純，不外乎就是海綿寶寶急於證明自己的成長，捅出了大簍子，然後...

電影怎麼說教這不重要，我們關注的從來就是比奇堡智者：派大星跟其他角色的迷因發言，希望未來有新的梗圖流傳。

不過電影中期我一度眼皮打架，海綿寶寶跟派大星對話分鏡，其實很常長這樣：


[古龍]

「你來了？」
「我來了。」

「你終究來了。」
「我終究來了。」

沉默，冷風如刀
老者紅光滿面，少年面白如紙(特寫)



[海綿寶寶版]

「派大星你看是這樣嗎？」
「是這樣嗎？」

「還是~這樣？」
「還是這樣？」

「啊哈哈哈哈哈 (魔性笑聲)」(特寫)
「喔呵呵呵呵呵 (魔性笑聲)」



……有點疲勞。
不過可能就我這樣，附近小鬼頭在那邊吱吱喳喳，顯然還是看的很高興。



阿對了，電影最後沒有彩蛋：("
Fw: [情報] 『星際迷航記：31區』HBO 底下的相關頻道重播時間表。,roujuu,12/25,1,1,https://www.ptt.cc/bbs/movie/M.1766637175.A.451.html,"※ [本文轉錄自
StarTrek 看板 #1fJBjvyZ
]
作者: roujuu (老中) 看板: StarTrek
標題: [情報] 『星際迷航記：31區』HBO 底下的相關頻道重播時間表。
時間: Thu Dec 25 12:20:04 2025

『
https://www.imdb.com/title/tt9603060/
』。

『星際迷航記：31區』2025年12月和2026年01月重播時間

『
https://hboasia.com/
』

HBO Family

『
https://xn"
"[心得] 大濛，真正的台語""電影""",csiezero,12/25,20,20,https://www.ptt.cc/bbs/movie/M.1766639232.A.487.html,"不像以往台灣電影，例如:「角頭」那類平鋪直述單純演出台灣社會現象
劇裡的一些小細節，甚至焦距外的背景都是有其含義在
這樣的電影表現手法，沒有很直接的喜或悲，反而多了點想像以及奇幻的元素在裡面
比起過往的台灣電影，有跳脫出一個新境界(輕柔的隱喻以及奇幻想像力)

雖然劇情，觀看中，沒有特別讓人會到狂流眼淚的橋段
但若回想起在那時代的時空背景，就會有股莫名的悲傷

其實導演刻意以小人物事件，輕輕點綴上那時代的悲劇
整齣劇寓意深遠的是劇中前後兩則小水滴的寓意

很推薦大家去看這部屬於台灣真正的台語電影
.
.
.
.
.
.
.
.
.
.
.
.
.
.
.
.
.
話說，沒想到都這年頭了，還可以看到禁片
這幾年一直在講轉型正義，轉型正義，看完導演的訪問文章後
突然覺得台灣才剛正值轉型正義的艱難起步時刻而已
我想又會有一群人覺得轉型正義是在分裂台灣
說真的，我覺得這想法很適合中國的河蟹文化

附上導演的訪問文章
https://opinion.cw.com.tw/blog/profile/546/article/16886"
[好無雷] 《陽光女子合唱團》看哭了,nobady98,12/25,12,12,https://www.ptt.cc/bbs/movie/M.1766640660.A.DDC.html,"https://i.imgur.com/SjUkXnT.jpeg
一張圖用三篇文
接在海綿寶寶後繼續看的片

一開始完全不看好

先說缺點
幾場衝突都處理的不是很好
有很突兀的感覺
情感轉換不是那麼順暢
有點硬

再來說優點
我很容易被音樂感動
我看RO的23周年交響樂也聽到哭
這片的音樂選得很好
配上劇情真的是非常催淚
很希望這片能得到不錯的成績

劇情部分算很不錯了
只是枝葉有點多
但還是有不錯的果實
這可能是國片的老毛病
就這樣"
[討論] 阿凡達 瓦蘭為啥會說英文,Austenite,12/25,29,29,https://www.ptt.cc/bbs/movie/M.1766643758.A.CB5.html,"我知道全宇宙都會說英文

但卡麥隆不是想拍真實一點的片嗎
瓦蘭那族應該是真正的原住民
沒看過地球人吧
為啥也直接會說英文

還是蘇家人有幫她上家教？"
[討論] 電影院的時刻表安排策略,backfish,12/25,17,17,https://www.ptt.cc/bbs/movie/M.1766643788.A.DFE.html,"不知道這篇能不能貼出來討論。

但因為滿好笑的，所以冒著被認為空洞的風險還是分享一下。"
[情報] 【雙囍】預告,cowlove,12/25,17,17,https://www.ptt.cc/bbs/movie/M.1766644346.A.9C3.html,"https://i.meee.com.tw/4scavjn.jpg
https://www.youtube.com/watch?v=9oINhX_1w1E
【雙囍】 —— 正式預告隆重進場

「今天我們結婚啊，不應該是最開心的嗎？」

離異父母 ＋ 迷信岳父
＝ 一天兩場婚禮，且雙方賓客不得相見！

當本該是主角的新郎新娘，成為完成長輩心願地的配角，這兩場世紀婚禮要怎麼進行下去？

在各種極限任務與出包危機中，先說好——
不管今天發生多少鳥事，我們都要，一起面對每一刻。

《孤味》億萬票房導演許承傑最新力作
獻給這個世代關於「婚姻」的祝福


【雙囍】  2026.2.17 大年初一全台上映
   一樁喜事 × 兩場婚禮 × 三方威脅 × 四事如意

導演｜#許承傑
主演｜#劉冠廷、#余香凝、#楊貴媚、#田啟文、#庹宗華、#9m88、#蔡凡熙
https://www.facebook.com/share/v/1A3tDL6tq8/"
[好雷] 佐賀偶像是傳奇之ID4,b00668880,12/25,6,6,https://www.ptt.cc/bbs/movie/M.1766645657.A.5EE.html,"打從第二季最後的飛碟就確定會有後續
想不到等到的居然是劇場版

可惜撞上阿凡達和動物方城市
場次少的像是在墊場似的
明明是剛上映的新片但一天只有兩場是怎麼回事啦！

時間線是第二季的4年後
片長是很有誠意的120分鐘
沒看過一二季也沒關係
但是有看過的話在很多小地方會會心一笑
（比如說整個佐賀縣唯一的警察）

我看的這場全場笑聲不斷
而且所有人都是聽完片尾曲才離開
沒有一個提早走的
有一種「大家都是同好」的感動

說到感動
最後一定要來個例行的演唱會收尾
在大螢幕看真的讓人雞皮疙瘩
整個規模比第二季又提高了不少

雖然收回了一些伏筆
但還是很多還沒有給個交代的
只能期待第三季了

會有的吧？
應該會吧？"
[討論] 古惑仔系列為何不繼續拍下去？,lucky70121,12/25,29,29,https://www.ptt.cc/bbs/movie/M.1766648491.A.D8E.html,"首先我知道
鄭伊健不想再演陳浩南
但是龍爭虎鬥之後 還陸續拍了很多外傳

2000年也拍了勝者為王

更別說還有換角色的新古惑仔

那為何不繼續跟著原著拍下去

我後來有去追原著 後面的故事才精彩 竟然不拍？

陳浩南跟山雞反目成仇 還有後來山雞死了

陳浩南也沒好下場 這才是真正要拍的電影

讓大家知道 混黑社會的最終都沒好下場

這才是電影帶給社會正面的意義吧

而不是讓觀眾認為混黑社會就是
夠屌 威風 英雄主義
這樣根本就是本末倒置"
Re: [討論] 古惑仔系列為何不繼續拍下去？,ArkingChen,12/25,22,22,https://www.ptt.cc/bbs/movie/M.1766649813.A.43D.html,"※ 引述《lucky70121 ( )》之銘言：
: 首先我知道 鄭伊健不想再演陳浩南
: 但是龍爭虎鬥之後 還陸續拍了很多外傳
: 2000年也拍了勝者為王
: 更別說還有換角色的新古惑仔
: 那為何不繼續跟著原著拍下去
: 我後來有去追原著 後面的故事才精彩 竟然不拍？
: 陳浩南跟山雞反目成仇 還有後來山雞死了
: 陳浩南也沒好下場 這才是真正要拍的電影
: 讓大家知道 混黑社會的最終都沒好下場
: 這才是電影帶給社會正面的意義吧
: 而不是讓觀眾認為混黑社會就是 夠屌 威風 英雄主義
: 這樣根本就是本末倒置
有得拍，沒人會跟錢過不去。

《古惑仔之人在江湖》票房2100萬港幣
《古惑仔2之猛龍過江》票房2200萬港幣
《古惑仔3之隻手遮天》票房1900萬港幣
《97古惑仔之戰無不勝》票房1500萬港幣
《98古惑仔之龍爭虎鬥》票房1200萬港幣
《勝者為王》票房770萬港幣

拍了6集邊際效應遞減，都已經北風北了，誰還想當冤大頭啊。"
N/A (本文已被刪除),-,12/25,0,0,N/A,N/A
[討論] 關於角頭鬥陣欸,CTC0115,12/25,6,6,https://www.ptt.cc/bbs/movie/M.1766666337.A.269.html,"北城是沒小弟嗎 ？？？

就算出去幫忙買宵夜

也會有幾個小弟看門吧

這結果會不會太刻意了"
[ 好雷] 聖誕節的九隻小貓,zzauber,12/25,0,0,https://www.ptt.cc/bbs/movie/M.1766669107.A.FB4.html,"雷文防雷資訊頁
https://i.mopix.cc/oEaukQ.jpg
The Nine Kittens of Christmas
聖誕節的九隻小貓
https://youtu.be/svwZE0qpTUs?si=JHbD1h9tCGOvIGAP
2021美國Hallmark TV Movie

這部片是2014年美國Hallmark TVMovie
〔The Nine Lives of Christmas
貓咪情緣〕（請見本文末的PS.）
的續集。

Hallmark讓我們看到他們最受喜愛的聖誕TV Movie之一《Nine Lives of Christmas》七
年後的續集，主角Zachary 和 Marilee 後來究竟發生了什麼事。

這段等待值得嗎？嗯，在某種程度上，是值得的。
影片一開始就帶來了幾個真正令人驚喜的情節，讓人產生興趣，接著又以一種非常有趣的
方式解決了這些問題。

女主Kimberley Sustad 一如往常地表現精彩，她對 Marilee 女獸醫的詮釋誠實、直率又
討喜，和原版影片中的感覺完全一致。
Brandon Routh 扮演 Zachary 這個消防員角色時顯得更加自在，他與 Gregory Harrison
（飾演 Zachary 的導師／父親般角色）的對手戲相當不錯，也很寫實。

九隻小貓咪被遺棄，男女主角如何讓所有貓被領養，是本片故事的吸睛點及故事主線之一
。九隻貓咪的名字及領養人的劇設人設挺有意思的。

看完後，男女主角及貓咪吸引人，劇情平淡樸實，戲劇張力低，情節通俗可預期，
個人滿意度75分。

以下有劇透。


~*-*~*-*~*-*~*-*~*-*~*-*~*-*~*-*~*-*~*-*~*-*~*-*~



~~~~~~~~~~~~~~~~~~~ 雷文 主文分隔線 ~~~~~~~~~~~~~~~~~~~~~~~~~~~~~~~~~




男女主角因故分手，女主離開家鄉，在邁阿密開了動物診所，結交了新男友...

女主在聖誕節前回到家鄉，和親友逛街時，在街道上遇到了男主...，

男主在聖誕節前，在消防隊辦公室撿到了裝九隻小貓咪的箱子...

本片可能刻意想要與原本的故事做對照，加入了填充內容：也就是為了讓演員多點情節畫
面、但缺乏吸引力及戲劇張力的支線劇情：在本片中，一個降臨節日曆，Marilee 的姊妹
，在她們已故母親的湖畔房屋中，發現了這個日曆，而那棟房子在 20 年後才「終於」被
賣掉...

儘管如此，能再次看到這男女主角兩個角色同框，仍然令人開心，而且最後女主選擇和男
友分手，和男主在一起，結尾甜美可愛。
#The_Nine_K
ittens_of_Christmas
#聖誕節的九隻小貓
#2021美國Hallmark_TV_Movie
#BrandonRou
th
#KimberleyS
ustad

PS.
〔The Nine Lives of Christmas
貓咪情緣〕
2014美國TV Movie

我對本片的賞析文：
https://moptt.tw/p/movie.M.1696521421.A.C15"
[選片] 地母 / 穿越地獄之門,f40075566,12/25,3,3,https://www.ptt.cc/bbs/movie/M.1766669561.A.35C.html,"如題
今天去了華山看了這次坎城六部聯映的「這不只是個間諜故事」，看完大受震撼，雖然感覺
其他五部日後都會上威秀，但還是問一下地母這部片有必要看嗎？(剛好檔期撞到不然我就
衝了）

另外，不用推薦大濛，看很多次了，很推，謝謝。"
[普負雷] 大蟒蛇2025:預告演完全部,arsl400,12/24,4,4,https://www.ptt.cc/bbs/movie/M.1766576632.A.A79.html,"雷文防雷資訊頁



~*-*~*-*~*-*~*-*~*-*~*-*~*-*~*-*~*-*~*-*~*-*~*-*~



~~~~~~~~~~~~~~~~~~~ 雷文 主文分隔線 ~~~~~~~~~~~~~~~~~~~~~~~~~~~~~~~~~

預告就把整部都演完了，真的超級扯
基本上就是傑克布萊克和保羅路得小時候有電影夢，然後長大想圓夢這樣
然後這裡就演了超級久，貸款除了笑話更是笑話，說貸款4萬美金，台灣八點檔都只能
拍一集耶老哥!

然後後面大蟒蛇真的出來已經快結束了，除了冰塊庫巴客串，珍妮佛也來攻擊村莊了
整部片沒什麼笑點，劇情也很弱，導演是超吉任務的導演，所以用屁股想都知道
後面要用開麥拉驚魂梗，也就是整部片其實都是拍好的，問題是效果遠不如開麥拉
和超級，毫無劇情可言，真的是爛透了"
[好微雷] 日租家庭:布蘭登費雪又一溫馨鉅作,arsl400,12/24,2,2,https://www.ptt.cc/bbs/movie/M.1766576971.A.CCE.html,"雷文防雷資訊頁



~*-*~*-*~*-*~*-*~*-*~*-*~*-*~*-*~*-*~*-*~*-*~*-*~



~~~~~~~~~~~~~~~~~~~ 雷文 主文分隔線 ~~~~~~~~~~~~~~~~~~~~~~~~~~~~~~~~~

日租家庭講述布蘭登費雪飾演的廣告演員想要接下一個大案子，結果意外的接下要當
現實生活爸爸的角色，要演給女兒看，並且提供滿滿的情緒價值

導演是怒嗆人生的導演，整部片說日文的份量堪比說英文，演員更是除了布蘭登費雪
之外幾乎沒有白人，可以說是非常的不多元呢!

雖然表面上是溫馨親情片，不過這部畢竟是走影展路線，不像是「命運好好玩」那種
直接心痛爆擊的，比較是那種茶回甘的淡淡感覺

感覺布蘭登費雪體態越來越好，好像可以回歸神鬼傳奇系列了"
[新聞] 《阿凡達：火與燼》澄清沒有真的親下去,lo17593ve,12/24,2,2,https://www.ptt.cc/bbs/movie/M.1766577534.A.3A3.html,"相差55歲的銀幕親吻　《阿凡達：火與燼》澄清沒有真的親下去

新聞網址：
https://reurl.cc/NNn1e6
如同事前所看好的，《阿凡達：火與燼》（Avatar: Fire and Ash）上映全台五天賣破新
台幣1億2470萬元，全球票房達每3億4500萬元，締造了現象級的熱賣成績。但是觀眾都想
知道，片中發生在傑克的養女琪莉，與人類小孩蜘蛛之間的那個吻，到底是真的嗎？畢竟
飾演琪莉的女星
雪歌妮薇佛
（Sigourney Weaver）戲外可是
76歲
，飾演蜘蛛的
傑克查恩
（
Jack Champion）當年才
15歲
，這樣親下去，是不是怪怪的？！

琪莉是人類與納美人DNA混合後的人種，包括葛蕾絲博士生前的一部分，因此這個角色請
回當初飾演葛蕾絲博士的女星雪歌妮薇佛，透過動態捕捉的技術詮釋琪莉。在另外一方面
，蜘蛛則是當年還是青少年的演員傑克查恩演出；他們片中親吻的話，
戲外可是有著55歲
的鴻溝
，怎麼說都有點太過火了。所以
雪歌妮薇佛說，「我知道那一幕需要非常謹慎處理
，因為當中包括了親吻。很明顯地，我沒有真的親他，因為拍戲當時他才14或15歲。」
不過拍戲時才14或15歲的傑克查恩，等到電影上映時，都已經21歲了。至於那一幕的親吻
，是怎麼拍的，雪歌妮解釋，導演
詹姆斯卡麥隆（James Cameon）請傑克挑出一位適合可
以跟雪歌妮親吻的人選；之後劇組也另外挑選一位，適合跟傑克拍攝吻戲的對象
，可以說
已經充分考慮到這些相關的顧慮，「所以我想這樣做是很棒的，在拍攝前已經做好萬全準
備，這種事情真的不容許任何犯錯的意外。」
在現實中，雪歌妮薇佛是個高個子女性，在銀幕上琪莉看起來也比蜘蛛高，她認為這種身
高差才有趣，「身高一點都不重要，我喜歡這種反差的趣味，很完美。」

至於為什麼蜘蛛與琪莉會有吻戲，更重要的是，為何蜘蛛會想親吻身高比自己高很多琪莉
？這一點是反應導演詹姆斯卡麥隆的成長經歷，因為他在就讀中學時，往往都親吻比自己
更高的女生，「對於琪莉跟蜘蛛是否該保持單純的兄妹之情，有很多創作上的爭議。我想
，不如放手去探索那個尷尬年紀的愛情，因為他們的確不曉得如何面對或表達。就我自己
來說，我喜歡那個在瀑布上親吻畫面，因為她比他足足高了一個頭，她不得彎下腰。當我
還是中學生的時候，我的記憶是所有的女生都比我高，但這也無法阻止我。我只記得她們
都很酷，雖然她們比我高大。」"
[情報] 【日租家庭】預告,cowlove,12/24,3,3,https://www.ptt.cc/bbs/movie/M.1766577699.A.E26.html,"https://i.meee.com.tw/cTMIKFv.jpg
https://www.youtube.com/watch?v=_TO6B1n6UH4
金獎製造機 探照燈影業 2026年過年

為你獻上最動人暖心作品 《#日租家庭》

2026/2/13（五）農曆新年 溫暖獻映

溫柔又帶幽默的療癒系電影，送給2025年辛苦一整年的你
2026年讓這部電影把你的心暖回來
在這裡，連「家人」都能租，而你會想要使用項服務嗎？


《神鬼傳奇》系列《#我的鯨魚老爸》奧斯卡影帝 #布蘭登費雪 暖心主演
《#怒嗆人生》導演／編劇 #HIKARI 宮崎光代 全新感動力作
類型：喜劇／劇情
卡司：
《我的鯨魚老爸》奧斯卡影帝 布蘭登費雪
《幕府將軍》平岳大
《君主計畫：神祕組織與怪獸之謎》山本真理
《正宗哥吉拉》炳本明


以現代東京為背景，長年在日本打拼的美籍演員菲利普，始終等不到真正的舞台。直到某
天，他接到一份「奇特的工作」：加入「日租家庭」服務，受雇去扮演別人的父母、手足
、伴侶、摯友——成為別人生命裡短暫卻重要的那個位置
一開始，他只是為了生活接下工作；但隨著一次次走進客戶的日常，他逐漸建立起真摯的
情感連結，也在道德與現實的複雜之間，重新理解「家」的意義：有時候，人真正需要的
不是完美的關係，而是有人願意靠近、願意留下。
https://www.facebook.com/share/v/1ACptbCYNs/"
[新聞] 【邦尼殺死他】呈現你沒看過的邁茲米克森,kkaicd1,12/24,0,0,https://www.ptt.cc/bbs/movie/M.1766580424.A.32A.html,"新聞網址：
https://cciitw.pixnet.net/blog/posts/844551984080049875
邁茲米克森《邦尼殺死他》大秀反差魅力  李小龍上身親耍雙節棍
曾擔任開發並編寫出人氣美劇《雙面人魔》（Hannibal）精彩劇本的布萊恩富勒（Bryan
Fuller），這回自編自導首部奇幻動作長片《邦尼殺死他》（Dust Bunny），並攜手「坎
城影帝」邁茲米克森（Mads Mikkelsen）再度合作，電影將在2026年1月16日於全台震撼
獻映。過去曾在《007首部曲：皇家夜總會》（Casino Royale）、《奇異博士》（
Doctor Strange）、《怪獸與鄧不利多的秘密》（Fantastic Beasts: The Secrets of
Dumbledore）等作品中多次詮釋反派角色，而被影迷稱為「反派專業戶」的邁茲米克森，
其實私底下擁有頑皮又充滿好奇心的少年反差魅力。因此，導演布萊恩富勒特別為他「量
身打造」片中「神祕殺手鄰居」一角，刻意跳脫過往冷酷形象，讓觀眾得以看見影帝不同
以往、更貼近真實的一面。當布萊恩富勒向邁茲米克森提案時，一心期待再度合作的他立
刻答應接演，並真誠表示：「能夠參與他的首部導演之作，是我的榮幸！」值得一提的是
，邁茲本身擁有豐富的特技經驗，更將李小龍視為偶像，這次不僅親自參與動作戲編排，
在片中上演雙節棍橋段，拍攝現場更展現高度投入與專業，甚至反過來指導特技團隊，讓
人見識到他童心未泯、敢玩，也願意親自上陣的驚艷魅力。
你沒看過的邁茲米克森！  《邦尼殺死他》曝光影帝私下頑皮真面目
《邦尼殺死他》是布萊恩富勒與邁茲米克森繼人氣美劇《雙面人魔》後，再度攜手合作的
全新奇幻動作鉅作。多年來常在國際大片中以反派角色現身，而被譽為「反派專業戶」的
邁茲米克森，即使貴為坎城影帝，私下卻擁有與銀幕形象截然不同的少年反差魅力。導演
布萊恩富勒分享：「他本人其實與這些角色差異甚大，非常有少年般的魅力，對生活充滿
好奇！」更進一步爆料：「他是那種在打保齡球時，會偷偷拿走別人鞋子，再讓他們在街
上追著奔跑的人！」因此，導演刻意反其道而行，將邁茲童心未泯的一面融入角色設定，
為他「量身打造」片中「神祕殺手鄰居」一角。布萊恩富勒表示：「那種親切、易於共鳴
的特質，是當他演出大型反派角色時看不太到的；我希望觀眾能在電影中，多看見我朋友
的真實面貌。」他甚至搶先透露：「還有他穿睡衣的時候喔！」讓觀眾難得能透過大銀幕
，看見影帝全新又真實的一面。


與布萊恩富勒相識多年的邁茲米克森，也始終對他的創作才華充滿驚艷與敬佩，大讚：「
他的思維與眾不同，我不認識哪個人的腦袋可以像他一樣運作，我非常喜歡他的想像力！
」因此當他接獲布萊恩的邀約時，一心想再度合作的他幾乎立刻答應，他回憶：「他向我
介紹這個故事時，是個很精心的提案，我非常喜歡，並且知道拿到劇本後，會變得更精緻
與完整，結果完全沒讓我失望！」無論是完整的劇情想像，還是小到服裝釦子的細節講究
，都讓他愛不釋手，也真誠表示：「能夠參與他的首部導演之作，是我的榮幸！」
邁茲米克森親編《邦尼殺死他》動作戲  反過來教導特技團隊
在《邦尼殺死他》化身神祕殺手鄰居、展開生死搏殺的邁茲米克森，其實本身就擁有相當
豐富的特技經驗，甚至將李小龍視為偶像。他分享：「我一生中做過一堆特技，其實小時
候就想當特技演員，把自己摔來摔去。我也練過體操，這在做特技時很有用，可以重複動
作，又不至於把自己摔死。」因此，邁茲米克森這次與導演布萊恩富勒親自參與片中部分
動作戲編排。布萊恩笑說：「我們像小男孩一樣，用李小龍公仔親自設計幾個特技動作、
練習腳步，我也在片中提議來段雙節棍橋段！」這讓邁茲米克森興奮高喊：「能有那麼一
瞬間，假裝自己是李小龍，真的很爽！」不僅如此，他在片場也展現極高專業度，甚至有
時候還會反過來指導特技團隊。布萊恩也對此大為讚賞：「他所累積的經驗，甚至比整個
團隊更豐富，有些武打動作變成他反過來在教大家，結果最後也真的成功了！」這樣的默
契與信任，也讓導演感性表示：「能夠善用這樣的專業經驗，再加上彼此之間的信任和默
契，真的非常珍貴！」


這部由「坎城影帝」邁茲米克森領銜主演，打造詭譎絢麗視覺盛宴，並強勢問鼎獨立精神
獎最佳首部長片、最佳攝影兩項大獎的年度奇幻動作鉅獻《邦尼殺死他》，即將在2026年
1月16日於全台震撼獻映。本片劇情描述小女孩奧蘿拉（蘇菲斯隆飾演）深信，她家中的
地板下，潛伏著一隻吃掉她全家的神秘怪物。孤身一人的她，決定向隔壁冷峻的鄰居（邁
茲米克森飾演）求助，因為她發現這位看似平凡的男人竟是一名職業殺手！奧蘿拉鼓起勇
氣、設法籌到一筆錢，決定「雇用」這位殺手對付怪物。然而，殺手很快意識到，這隻「
怪物」可能並非虛構，而是潛伏在他周圍、試圖追殺自己的刺客。為了保護奧蘿拉，他不
得不迎擊接二連三的致命襲擊，同時向神秘女子（雪歌妮薇佛飾演）探查真相。隨著危機
逼近，兩人的命運緊密交織，而奧蘿拉口中的「怪物」，竟可能比任何人想像得更真實、
更可怕…。


欲知本片最新消息，
請上電影官方臉書粉絲團
https://www.facebook.com/ccii.com.tw
與Instagram專頁
https://www.instagram.com/caichang_film
及Threads專頁
https://www.threads.com/@caichang_film
查詢。"
[討論] 為何阿凡達傑克不說服納美人和博士們合作,ultmisia,12/24,0,0,https://www.ptt.cc/bbs/movie/M.1766581185.A.A14.html,"[討論] 為何阿凡達傑克不說服納美人和博士們合作

從一就知道
女博士附體阿凡達從不是搞間諜
而是教育，啟蒙納美人
甚至在納美人幫助中死在靈樹下
在不破壞靈樹下研究潘朵拉星球的靈魂流動

上述研究很重要的
這可是聯繫各部落的渠道
對抗地球人的工具

如果傑克是博士們合作
作為大使聯繫各部落
劇情應該是通透好梳理了
當然人類用靈魂流動反偵測成諜報也很有趣

但至二和三
傑克滿腦子都是逃
腦袋裡只有 戰鬥 武器 信任 家人

詹導腦袋裡現在只有視覺嗎"
[好雷] 飛龍猛將,Hosh,12/24,8,8,https://www.ptt.cc/bbs/movie/M.1766581960.A.06E.html,"雷文防雷資訊頁



~*-*~*-*~*-*~*-*~*-*~*-*~*-*~*-*~*-*~*-*~*-*~*-*~
防雷
防雷
防雷
防雷
楊
寶
玲
好
漂
亮
啊
啊
啊
啊
https://i.mopix.cc/36Ru2M.jpg
圖片取自網路
~~~~~~~~~~~~~~~~~~~ 雷文 主文分隔線 ~~~~~~~~~~~~~~~~~~~~~~~~~~~~~~~~~

剛吃飽回家開電視就看到成龍、洪金寶、元彪主演的飛龍猛將！從中後段開始看的，打戲
真的很精彩

一開始看到年輕的葉德嫻直接原地嚇爆，對他的印象是與龍共舞的十三姑還有桃姐，沒想
到可以看到40歲的她！很美！但旁邊的楊寶玲也超漂亮啊啊啊！

在中後段看到滿滿的打戲，不過元彪跟洪金寶被白人製毒員猛力踢一下就掰了，靠成龍打
敗他也算是另類的劇本殺吧XDD

壞人群還看到很多熟面孔武打角色，包含周比利、元華、鍾發跟狄威，還看到年輕的太保
，超多熟面孔！

製毒工廠真的藏的很好XDD可惜沒有好好處理污水不然一定很難抓XDD

最後真的是楊寶玲真的很漂亮> <之前看他演開心鬼康新貴的女朋友感覺還沒那麼正，看
到這部長髮的她好喜歡啊！！

推推！！！"
Re: [討論] 近十年有什麼超紅的電影主題曲？,perry52,12/24,2,2,https://www.ptt.cc/bbs/movie/M.1766583750.A.32C.html,"前一篇主要是在講西洋片

中文主題曲的話

2015 小幸運 推出剛過10年不久

然後2016電影 星際過客的中文主題曲 光年之外 首支華語音樂影片破二億點閱

再來就 2021 月老的 如果可以

至於其他有到超紅的...還沒想到...
※ 引述《violacrystal (夏紫凝)》之銘言：
: 最近複習收藏的電影曲，早期的迪士尼動畫電影，埃及王子、獅子王的都很經典。
: 然後魔戒、神鬼奇航、哈利波特，這些音樂一出來馬上就知道是哪部作品，而且根本就
是
: 不知道是出社會變忙了，還是電影傳播沒有像以前那麼熱，歌單也好幾年沒更新了…
: 有沒有這幾年比較推薦的電影主題曲可以分享一下，感謝
:"
[新聞] 美國首屆飢餓遊戲！川普將辦「愛國者運,akila08539,12/24,7,7,https://www.ptt.cc/bbs/movie/M.1766584848.A.842.html,"新聞網址：
https://www.nownews.com/news/6768282
美國首屆飢餓遊戲！川普將辦「愛國者運動會」各州1男1女參賽
國際中心陳政嘉／綜合報導

2025-12-23 22:29:04
▲圖為電影《飢餓遊戲》劇照。（圖／獅門影業提供）
▲圖為電影《飢餓遊戲》劇照。（圖／獅門影業提供）
美國總統川普（Donald Trump）常有許多奇思妙想，包括拆除白宮東廳蓋宴會廳、在白宮
辦UFC格鬥賽等，近期他又宣布明年美國建國250週年，將舉辦「愛國者運動會」，從各州
選出年輕1男1女參賽。不過，賽制因為與《飢餓遊戲》極為相似，引發民主黨人和網路熱
議。

我是廣告 請繼續往下閱讀
CNN報導，川普18日宣布，作為明年美國建國250週年慶祝活動一部分，白宮將舉辦「愛國
者運動會」（The Patriot Games），「我們將在秋天舉辦首屆愛國者運動會，這是一場
史無前例、為期四天的體育賽事，將有最優秀的高中運動員參賽，每個州和地區將派出一
名男運動員和一名女運動員」，他還保證不會有男性運動員參加女性賽事。

川普最早在7月就已經預告這場活動，透露將會有電視直播，並由衛生與公眾服務部長小
甘迺迪（Robert F. Kennedy）主持。

川普18日在無黨派組織「自由250」（Freedom 250）的YouTube上，公布明年美國建國250
週年的活動規劃。自由250是一個無黨派組織，負責籌劃、舉辦總統級別的全國性活動，
為慶祝美國建國250週年，該組織與白宮250週年特別工作小組、聯邦機構和美國250週年
委員會合作。

不過，由於這個賽制，與改編成電影的反烏托邦青少年小說《飢餓遊戲》（The Hunger
Games）相當類似，引發民主黨人在網路上嘲諷。《飢餓遊戲》講述末日後的美國，僅存
的13個行政區中各選出一名男孩和一名女孩，參加一場電視直播的生死搏鬥，他們必須互
相殘殺或與競技場中各種致命的危險搏鬥，直到只剩一人存活。倖存者將為他們所在的行
政區贏得食物和物資。

在「自由250」的YouTube影片下，也有許多網友吐槽：「原來他看了《飢餓遊戲》，覺得
這是個好主意」、「謝謝雪諾總統，美國史上第一次飢餓遊戲」、「接下來就是國定殺戮
日了」、「誰準備好參加飢餓遊戲了」。

川普也介紹其他相關規劃，包括在首都華盛頓特區建設一個新的「凱旋門」拱型紀念碑，
他明年生日（6月14日）當天，要在白宮草坪上舉辦UFC綜合格鬥賽。
https://youtu.be/zsykDQFIXao"
[情報] 【恨女的逆襲】預告,cowlove,12/24,1,1,https://www.ptt.cc/bbs/movie/M.1766584859.A.7BA.html,"https://i.meee.com.tw/X8Q7nji.jpg
https://www.youtube.com/watch?v=zJWl0XvMxeA
★2023金馬創投百萬首獎作品／榮獲第62屆金馬最佳動作設計獎及入圍第62屆金馬最佳新
演員獎
★實力派演員李千娜、蔡振南、游安順、王彩樺聯手潛力新星林怡婷，當大人的世界爛到
難以忍受，唯有正面迎擊才能走出自己的路！

監 製｜何平
編／導｜李宜珊
主 演｜林怡婷、蔡振南、游安順、王彩樺、李千娜、林毓家、黃惟、田翔元、曾皓澤


人在江湖，真的身不由己？二十歲的家玲（林怡婷飾）才不懂大人世界的大道理！有點粗
線條的她，平日幫家裡賣便當供弟弟上學，也在拳館揮灑汗水。兩光老爸（游安順飾）的
私生活讓她看不透，偏心老媽（王彩樺飾）的隱忍求全更叫她坐不住；沒想到有一天，就
連教練泰爸（蔡振南飾）也告訴她，打拳有真有假才是贏家，她還能活出自己嗎？金馬獎
最佳劇情短片《亮亮與噴子》導演李宜珊長片首作，延續對邊緣小人物的關照，錄下野生
女力昂首邁步的風景。
https://www.facebook.com/share/v/16TGuRddvX/"
[新聞] 《沙丘3》與《復聯5》明年同一天上映！,abiann,12/24,50,50,https://www.ptt.cc/bbs/movie/M.1766586894.A.D60.html,"《沙丘3》與《復仇者聯盟5》明年同一天上映！華納兄弟影業堅決不改檔期：是我們先選好
日子的
https://www.toy-people.com/?p=106244
明年的 12 月 18 日，將會有兩部好萊塢續集大片捉對廝殺，

一部是《沙丘：第三部》（Dune：Part Three），

另一部則是《復仇者聯盟：末日崛起》（Avengers：Doomsday），

迪士尼影業、華納兄弟影業都堅持要選在這天上檔，

互不相讓。現在已經有一些網友開始猜測，或許屆時會再颳起一波「芭本海默」

式的熱潮，激發觀眾搶搭 Dunesday 旋風的動力，助長兩方的票房成績。
https://img.toy-people.com/member/176650973264.jpg
不過芭本海默熱潮之所以能成功帶起，很大原因是在於《芭比》

（Barbie）和《奧本海默》（Oppenheimer）類型差異夠大，

足夠形成荒謬的反差感，所以才造成話題，而且受眾也沒到高度重疊，

彼此的票房表現才都能從這波迷因潮流中各自受惠。但《沙丘：第三部》和

《末日崛起》的對比性似乎有些相近，要重現芭本海默的熱度恐怕有難度。
https://img.toy-people.com/member/176650992071.jpg
但對於這次的撞期，迪士尼和華納兄弟又是怎麼想的呢？

知名影視記者-傑夫史奈德（Jeff Sneider）日前在 YouTube 節目

《The Hot Mic》透露，負責發行《沙丘：第三部》的華納兄弟影業

不想更改檔期，另一位影視記者麥特貝洛尼（Matt Belloni ）

也在他的播客節目《The Town》補充，華納兄弟堅決地

認為，是他們先選定在這天上映的，也絕不會讓步。"
[情報]《浴血黑幫》電影版前導預告,mashmabo,12/24,6,6,https://www.ptt.cc/bbs/movie/M.1766588352.A.9D0.html,"https://www.youtube.com/watch?v=_Dfc89TY-aA
《Peaky Blinders: The Immortal Man》


奇利安墨菲主演，蕾貝卡弗格森、貝瑞柯根、提姆羅斯合演


2026.3月6日於限定影院上映，3月20日後Netflix上線


(墨菲真帥)
~
~
~"
[雷] 那張照片裡的我們 觀影心得,paimin,12/24,1,1,https://www.ptt.cc/bbs/movie/M.1766588462.A.581.html,"今天看完早點發一發
https://i.imgur.com/Zz5VUPh.jpeg
雷文防雷資訊頁



~*-*~*-*~*-*~*-*~*-*~*-*~*-*~*-*~*-*~*-*~*-*~*-*~



~~~~~~~~~~~~~~~~~~~ 雷文 主文分隔線 ~~~~~~~~~~~~~~~~~~~~~~~~~~~~~~~~~
其實一開始選片時根本不知道是在演什麼

等人殺時間就挑了一部最近的 有發海報的

看了片頭有濃濃的客家味跟戒嚴風加上1977 才想到

八成是背景中壢事件的愛情故事

前半段就是正常青梅竹馬被天降之物橫刀奪愛的流程

後半就在有比小愛更重要的事

但還是有幾個隱喻看不太懂

刻意拍了四五次照相館的門壞了沒修

本來以為是在暗諷小氣客家人 令人覺得過頭了

但偏偏暴動過後 門就好了

像是在映照父親走出古板的思考

女主角的鏡像眼 應該也要有除了迷路以外的劇情意義

至於結局兩個帥哥都沒撈到

如果與背景呼應 應該又是個我討厭的理念"
[情報] 【之後的我們】預告,cowlove,12/24,0,0,https://www.ptt.cc/bbs/movie/M.1766590653.A.921.html,"https://www.youtube.com/watch?v=xdpFNGCVpW4
導演
《82年生的金智英》金到映

上映日期
2026/01/16

主演
《D.P：逃兵追緝令》(TV)具教煥
《女神降臨》(TV)文佳煐


《82年生的金智英》導演金到映最新愛情鉅獻


《D.P：逃兵追緝令》具教煥X《女神降臨》文佳煐精彩共演


之後的我們，什麼都有了，卻沒有了我們…




在開往家鄉的客運上，恩浩（具教煥 飾）遇見了休學後下定決心要前往某處的正媛（文佳
煐 飾），產生了一段不可思議的緣分。為彼此的夢想加油的兩人，不知不覺地深入對方的
生活，成為了一對戀人。一同歡笑、爭吵、和解的兩人，雖然擁有世上最熾熱的愛，但面
對殘酷的現實，兩人最後仍選擇分道揚鑣。就這樣過了10年，再次遇見彼此的瞬間，恩浩
問了正媛一直很想問的問題「如果我們……」"
[新聞] 《軍官與魔鬼》名導羅伯萊納遭吸毒兒子,abiann,12/24,0,0,https://www.ptt.cc/bbs/movie/M.1766590733.A.897.html,"《軍官與魔鬼》名導羅伯萊納遭吸毒兒子刺殺！麥可道格拉斯回憶：常和對方分享兒子的戒
毒經歷
https://www.toy-people.com/?p=106241
《軍官與魔鬼》（A Few Good Men）、《當哈利碰上莎莉》（When Harry Met Sally...）
資深導演-羅伯雷納（Robert Reiner）上週與妻子蜜雪兒辛格（Michele Singer）在洛杉磯
家中，遭兒子尼克雷納（Nick Reiner）狠捅數刀身亡，震撼全好萊塢，令無數圈內好友悲
痛欲絕，就連與他私交極好的奧斯卡影帝-麥可道格拉斯（Michael Douglas）也不例外。

與雷納合拍過《白宮夜未眠》（The American President）、《如此這般》（And So It Go
es）的道格拉斯，日前接受 CBS 電視台製播的羅伯回顧特別專題採訪時，便感慨地回憶起
羅伯生前和他的交流，兩人尤其經常和彼此分享幫助兒子戒毒的經驗：「我的兒子也有過吸
毒的問題。我很高興地說，他現在已經克服這些問題，並過著充實的生活。我和他經常談這
方面的話題，以及身為父母的我們能做什麼，和不該做什麼。」

尼克和道格拉斯的兒子柯麥隆道格拉斯（Cameron Douglas）都有藥物成癮的長年經驗，柯
麥隆甚至曾靠販賣冰毒來賺取買毒的花費，被逮捕之後也進監獄服刑過八年。但想不到，羅
伯的兒子最終鑄下更大的悲劇，從此替家族帶來再也無法修復的永久傷痕。"
Re: [新聞] 《沙丘3》與《復聯5》明年同一天上映,hshshshs,12/24,0,0,https://www.ptt.cc/bbs/movie/M.1766591069.A.7B4.html,"先說會看沙丘

不過同一天上映不會影響票房吧

會看的兩部都會去看

說不定還引爆話題增加票房"
N/A (本文已被刪除),-,12/24,0,0,N/A,N/A
[新聞]克里斯伊凡回歸《復仇者5》不演美國隊長！,XDGEE,12/24,13,13,https://www.ptt.cc/bbs/movie/M.1766591343.A.5FB.html,"克里斯伊凡回歸《復仇者5》不演美國隊長！

當地23日，導演羅素兄弟首次談到美國男演員克里斯‧伊凡回歸

《復仇者聯盟5》，還傳出他將扮演遊牧者。

至於這部漫威電影與《沙丘3》同日上映會影響票房嗎？據傳華納兄弟影業對撞期一事鐵了心不讓步。
導演羅素兄弟22日在社群媒體IG上放上克里斯‧伊凡（Chris Evans）飾
演的前美國隊長史蒂芬‧羅傑斯將回歸《復仇者聯盟5：末日崛起》
（Avengers: Doomsday）的預告片，並寫道：「那個
改變我們一生的角色，那個把我們都聚在一起的故事，終究還是會回到
這裡……」片中可以看到羅傑斯把美國隊長的戰袍放進盒子裡了。
據《ComicBookMovie》報導，23日，漫威內部人士亞歷克斯‧佩雷斯
（Alex Perez）透露（點這）， 「我很高興大家能聚在一起討論這件事，
我趁機把一件事講清楚。《復仇者聯盟5》會有美國隊長出現，他
就是山姆‧威爾森，由安東尼‧麥基（Anthony Mackie）飾演。
克里斯‧伊凡會回歸演史蒂芬‧羅傑斯，但他不會披上美國隊長的戰袍。」
至於羅傑斯的新稱號是什麼？19日，好萊塢內幕人士傑夫‧史奈德（
Jeff Sneider）透露（點這）說，「就像我一年前講的，他不是真的
回來當美國隊長。就連預告片也只說：『史蒂芬‧羅傑斯將回歸《復
仇者聯盟5》。』並沒把他定位成美國隊長。原本的遊牧者（Nomad）
就是羅傑斯放下美國隊長制服跟頭銜後，換上的另一個身份。」
另據《ComicBookMovie》《The Direct》報導，除了《復仇者聯盟5》
首支前導預告片釋出外，「雷神索爾」將會是第二支預告片的主角，
原本第三支預告片將聚焦「洛基」，第四支展示「末日博士」。但據史奈德23
在節目中透露，第三支其實會聚焦在X戰警，而第四支則會主打驚奇4超人跟瓦干達人。
那觀眾還會看到末日博士？據報導，漫威剪輯了多支《復仇者聯盟5》的預告片，

或許還能在這些宣傳片中看到這個角色的身影，但史奈德認為漫威影業

打算盡量把這反派藏起來，盡量不露臉。所以，這波宣傳順

序很合理的：先推羅傑斯跟雷神，代表原本的地球最強英雄，

接著再來其他團隊，大家團結起來對抗末日博士以及他的軍團。


除此之外，《復仇者聯盟5》將於2026年12月18日在美國上映，這與《沙丘3》（Dune: Part Three）的上映日同一日。對此，史奈德表示，他的消息來源堅稱《沙丘3》不會更改上映日期。而據前《好萊塢報導者》編輯馬修‧貝羅尼（Matthew Belloni）在節目中也透露，華納兄弟已經重申立場，宣稱是他們先確定這個日期，鐵了心不讓步。

但據《DarkHorizons》報導，撞期有一個大問題就是IMAX銀幕。《沙丘3》會優先考慮IMAX銀幕，因為新任攝影師是用新一代IMAX攝影機拍。而羅素兄弟之前曾表示希望《復仇者聯盟5》能推出IMAX版本，但最終能否實現，就讓觀眾拭目以待囉。
https://www.epochtimes.com/b5/25/12/24/n14661432.htm"
[新聞]劉思慕:因不是「白人」拿不到一線角色！,XDGEE,12/24,49,49,https://www.ptt.cc/bbs/movie/M.1766591383.A.F0B.html,"《尚氣》主演劉思慕稱自己因為不是「白人」所以拿不到一線角色！
劉思慕或許因在漫威《尚氣與十環傳奇》中飾演主角而成為影史
最成功系列之一的重要成員，但據說這並沒有幫助他在好萊
塢以「領銜主演」身分更上一層樓。在近期的一次訪談中，
他談到自己即便憑藉MCU爆紅，卻仍缺乏機會，
並指出他不是白人族裔，是造成這種困境的主要原因。
在聊到他即將推出的新影集《The Copenhagen Test》時，這位出生於中國的演員表示，
他之所以一直無法在演藝圈成為名副其實的一線明星，主要是因為他不是「白人」。
談到自己在《尚氣》之後收到的「少數幾個一番（No. 1）角色」機會時，
劉思慕對《好萊塢報導》說：「如果你是白人，事情會容易得多。
也許這樣說很有爭議，或算是一種辛辣的觀點。」
他接著表示：「親眼看到一個制度為何會被建立、以及它為何會幫助
某一類型的演員，他們一旦迎來自己的巔峰時刻，接下來要拿到下一個、
再下一個機會就會變得無比容易。這在我身上完全不是這樣。」
劉思慕也再次強調，在業界白人演員相較於其他族裔創作者確實占有優勢。
他補充說：「《尚氣》上映並引起那樣的反響後，我有點意外，
真正找上門的一番角色竟然那麼少。反過來說，如果這件事發生在別人身上，
一位長相不同的演員，我想那些邀約會來得更快、也更多。」
自2021年《尚氣》以來，劉思慕也參與了多部高知名度作品，包括《芭比》、《異星戰境》、《窒息倒數》等，但多半並非主角身分。對此，他也表達對曝光度提升的感謝：「並不是我沒有工作。我很感謝自己做過的許多項目。」

不過他也立刻重申：「但要說清楚，《The Copenhagen Test》是我自

《尚氣》之後第一個領銜主演的角色。」，《The Copenhagen Test》共8集，將於2025年12月27日在Peacock上線首播。
https://www.superherostar07.com/archives/24198"
[好雷] 用武之地 12/24/2025 預先放映,wuluke,12/24,0,0,https://www.ptt.cc/bbs/movie/M.1766591720.A.24C.html,"雷文防雷資訊頁

~*-*~*-*~*-*~*-*~*-*~*-*~*-*~*-*~*-*~*-*~*-*~*-*~

這個禮拜來到中國的海南旅遊，貪小便宜沖值了電影的會員卡

帶著孩子 看了 瘋狂動物城2  以及阿凡達3

明天就要走了，最後還剩下一點錢，只好自己挑一部電影看。


在聖誕夜的晚上，跑去看了  用武之地 的預先上映電影











~~~~~~~~~~~~~~~~~~~ 雷文 主文分隔線 ~~~~~~~~~~~~~~~~~~~~~~~~~~~~~~~~~

這部片講述了，一個記者、跟她懷孕的妻子，在中東某國，被極端伊斯蘭 叛軍


劫持的故事

有別於Hollywood的個人英雄主義，沒有天降神兵來救援，

整部片看起來極端的真實 血腥。  跟美國大片不一樣 ，

沒有什麼 兒童 婦女 不死之身

講述了戰爭中的殘酷，瘋狂與人性。


整部片用渺小人質求生的歷程。

大家也不用擔心政治宣傳的問題，整部片中 中國政府 也沒做甚麼天降神兵的事情，

導演也是相當克制。

也不知道我為何在聖誕夜去看一部這樣的電影。

看著金碧輝煌的商場，只能說 和平真好。


看著世界紛紛擾擾，天天在搞事情的美國政府，看看中東的寫實戰爭片，可以反思一下。"
[新聞]LABUBU真人電影版執導人選出爐！《旺卡》,XDGEE,12/23,18,18,https://www.ptt.cc/bbs/movie/M.1766505040.A.7CC.html,"LABUBU真人電影版執導人選出爐！《旺卡》《柏靈頓熊》導演接手操刀

上個月，外媒《好萊塢記者報》（THR）獨家披露，索尼影業已與生產 LABUBU 的 Pop
Mart 公司正式簽署影視改編授權的協議，未來將準備推出 LABUBU 電影版。如今事隔一
個多月，《好萊塢記者報》又再度補充，索尼已經找到負責掌舵的導演，也就是《旺卡》
（Wonka）、真人版《柏靈頓熊》（Paddington）系列頭兩集的導演-保羅金（Paul King
，下圖）。
https://img.toy-people.com/member/176614154466.jpg
保羅金對於處理知名 IP、兒童奇幻題材、翻拍卡通人物絲毫不陌生，也已有成功經驗，
他一手孵育的《柏靈頓熊》系列，就廣受觀眾好評，被認為是動物擬人化的真人混合動畫
電影中，最具指標性的高水準作品。隨後進入好萊塢主流片廠體系之後所拍攝的《旺卡》
，也同樣繼續重振《巧克力冒險工廠》（Charlie and the Chocolate Factory）的銀幕
魅力，在全球熱賣超過六億美元。
https://www.toy-people.com/?p=106140"
[新聞]《大濛》熱度高！PTT電影版「禁止討論」！,XDGEE,12/23,2,2,https://www.ptt.cc/bbs/movie/M.1766505084.A.8BD.html,"2025/12/23 16:48
《大濛》話題熱度高！PTT電影版「禁止討論」原因曝！
日前電影《大濛》熱度高，社群或部分政治人物都有討論。
不過知名網路論壇「PTT」電影版宣布禁發《大濛》相關內容，
原因是貼文下面常常會出現「政治推文吵架」，還是可發表心得，
但會看內容決定「是否空洞洗版引戰」，禁令一出引發各方意見。
https://attach.setn.com/newsimages/2025/11/07/5338013-PH.jpg
電影《大濛》上映後，好評不斷。（圖／華文創提供）

《大濛》在強片接連上映的競爭局勢下，口碑持續發酵，

滿座率居高不下，各地場次屢傳完售佳績。同為影視人的王小棣，

轉貼陳玉勳導演PO文，對方表示《大濛》的宣傳預算很低，

「根本沒有錢請網軍」，都是靠著熱情的觀眾自發性的PO文產生了口碑、突破同溫層。

陳玉勳也說，一些媒體非常幫忙、電影院也很支持，

都是帶動熱度原因之一，「我從來沒有拍過討論熱度這麼高的電影，

有點嚇到」，從政治人物到小吃攤客人都能對這部電影發表自己的看法。
https://attach.setn.com/newsimages/2025/12/22/5392330-PH.jpg
《大濛》是劉冠廷（右）繼《消失的情人節》後，再度與陳玉勳導演（左）合作，雖僅有兩場戲，他仍做足功課。（圖／華文創 提供）
《大濛》獲得各方熱議；而PTT電影版卻宣布禁發《大濛》內容，
版主表示：「大濛11／27上映，現在12／21，宣傳已經足夠。」
有時《大濛》相關貼文下面，常常都是政治推文吵架，罵藍、罵綠、罵
白都有；版主強調，心得文能發，但會看內容決定是否空洞洗版引戰。
禁令引發各方意見討論，有人支持「支持，根本就固定幾個
連推補血」、「感謝板主處置明快」，也有人反對「如果管理照這標準，
那其他電影又吵架也是比照辦理嗎？」「我是覺得，下檔再禁比較有理」。
https://www.setn.com/News.aspx?NewsID=1769744"
[請益] 8號出口會很可怕嗎?,Midiya,12/24,26,26,https://www.ptt.cc/bbs/movie/M.1766506518.A.566.html,"如題
平常很少看驚悚片，也不喜歡看 :<
只有幾部因為被推薦說劇情不錯而鼓起勇氣看的
ex 屍憶、咒(這在Netflix看的，可能沒有在戲院看大銀幕恐怖 )、雙瞳
這三部我還承受得起。

最近對日本電影"" 8號出口 ""有興趣
但好像是驚悚遊戲改編的。
想請教這部片會很恐怖嗎?
是屬於壓迫感重，但沒什麼血腥/噁心畫面的類型嗎?
還是有很多讓人不舒服的畫面or容易和現實連結，看完容易一直回想的?

我最怕的是血腥 、 jump scare還有鬼化裝(臉很恐怖那種)
請問這三個元素本片是否有 & 有的話比例高嗎?

請看過的人解惑，猶豫要不要看ing
謝謝!!"
N/A (本文已被刪除),-,12/24,0,0,N/A,N/A
[ 負 雷] 讓人尷尬到腳趾摳出兩廳三室的阿凡達3,xiikjuy,12/24,0,0,https://www.ptt.cc/bbs/movie/M.1766510724.A.76A.html,"雷文防雷資訊頁



~*-*~*-*~*-*~*-*~*-*~*-*~*-*~*-*~*-*~*-*~*-*~*-*~



~~~~~~~~~~~~~~~~~~~ 雷文 主文分隔線 ~~~~~~~~~~~~~~~~~~~~~~~~~~~~~~~~~































只看過一 而且是十幾年前的那一次就沒了
這次看真的臉盲到爆
但是這還是小問題
超多可以土槽的尬點

1. kiri居然是一個76歲的聲音配的? 那個kiri不是應該是女孩聲音嗎
  怎麼粗成這樣 有夠滄桑 讓我超級出戲的 後來查是一位76女演員配的 天阿..
2. 蜘蛛在水中帶泳鏡真的也出戲到爆 超級好笑害我沒法入戲
   必要點在哪? 一堆外國人不是都可以在水中睜眼 真的超出戲
3. 那個跟女主不和懷孕的那位 當箭又插到跟女主受傷的同一地方又害我笑了
   是怎樣 左胸限定手塚區嗎
4. 那個kiri去找大地之母 最後那邊 我還以為是在看獵人天空之城西索看門+
   遊戲王夥伴羈絆之力抽卡勒 是在致敬嗎 不用念如赤膊走在雪地
5. 蜘蛛是有什麼心理疾病嗎嗎? 被抓到說有活力那邊一直yoyoyo也超尷尬齣戲的
   整齣在那邊耍猴 熱血跟啪袋啪袋還是有差的好嗎
6. 整出一直bro bro bro ....超尬
7. 男主後面自願被抓上飛機那邊 還慢動作+悲壯bgm...天阿這不是超老掉牙的
   美式套路...2025還在用喔...也是害我超出戲
8. 再說一次臉盲 沒看第二集真的認不過來 誰是誰啊...
9. 問一下 用髮尾相接為什麼會折磨人啊"
[新聞]「美國隊長」確定回鍋參戰《復仇者聯盟5,sony577,12/24,11,11,https://www.ptt.cc/bbs/movie/M.1766511341.A.D28.html,"「美國隊長」確定回鍋參戰《復仇者聯盟5》！官方預告片出爐


2025/12/23 中時新聞網 詹鎰睿

漫威Marvle確定在2026年年底推出《復仇者聯盟：末日崛起》，也是英雄宇宙第39部電影
作品。除了找來老班底小勞勃道尼飾演大反派「末日博士」外，漫威23日晚間終於確定前
任「美國隊長」（克里斯伊凡 飾）回歸。


漫威母公司迪士尼前陣子宣布會在《阿凡達：火與燼》上映的一個月內，分別釋出關於《
復仇者聯盟：末日崛起》的4部預告片。其中關於前任「美國隊長」的影片流出後，也造
成影迷們轟動，但官方並未證實，再加上消息十分混亂，許多人為了預告片而撲空，怨聲
四起，也產生部分人士質疑真偽。

如今，漫威23日晚間終於釋出預告片，證實由克里斯伊凡飾演的前任「美國隊長」確定回
歸，參與《復仇者聯盟：末日崛起》演出，將在2026年12月18日正式上映。

片中，美國隊長穿著招牌的牛仔褲、皮衣，騎著哈雷機車回到自己家中，接著從皮箱中拿
起戰衣，似乎在懷念過去的時光。隨著畫面一轉，映入眼簾的是美國隊長抱著孩子哄睡，
臉上露出慈祥又幸福的笑容。最後片尾證實「史蒂夫羅傑斯（美國隊長本名）回歸《復仇
者聯盟：末日崛起》」。此外，在官方釋出的正式海報，也可看到拿著雷神之槌的美國隊
長。

長達1分20秒的預告片，光是YouTube官方才釋出不到一小時，就湧入數百萬名網友爭相討
論，「這絕對是我第一次在網路上看到預告片」、「你終究還是回歸了」、「要來拯救漫
威了嗎？」、「聖誕節最棒的禮物」、「又來了，感覺回到2019年」。
https://www.chinatimes.com/realtimenews/20251223005031-260404?chdtv"
[討論] 傑克布萊克「大蟒蛇」 爛番茄42% 保羅路德,arsl400,12/24,30,30,https://www.ptt.cc/bbs/movie/M.1766512662.A.53D.html,"https://www.rottentomatoes.com/m/anaconda_2025
果然這種類型的片很容易炸掉
48個評分分數越來越高
場次開的超少
之前的心得應該是對的
到底要不到看這鬼東西?"
[情報]《小丑2》Lady Gaga 哈莉奎茵LIVE演唱會,toebb,12/24,6,6,https://www.ptt.cc/bbs/movie/M.1766516958.A.CFB.html,"https://i.mopix.cc/LG3lnG.jpg
影視歌三棲 流行天后 Lady Gaga 女神卡卡
送給小怪獸們 & 影迷們的聖誕禮物來囉
DC 電影《小丑：雙重瘋狂》延伸電影專輯
《哈莉奎茵》秘密演唱會，即將公開！
聖誕節一起看小丑女 Lee
會給我們怎樣的驚喜演出吧！
https://i.mopix.cc/MbCzQT.jpg
慶祝入圍2026葛萊美獎專輯
【Harlequin 哈莉奎茵】
將於聖誕佳節推出一夜限定「線上演唱會」
‘Lady Gaga in Harlequin Live: One Night Only’
熱騰騰的預告！
https://youtu.be/im1Nm-01d8w?
台灣時間12/25 早上 08:00
Lady Gaga官方YouTube頻道LIVE直播
http://www.youtube.com/@LadyGaga
https://i.mopix.cc/t9ZKiq.jpg
https://i.mopix.cc/G8fyBE.jpg
葛萊美博物館 GRAMMY Museum 首映會：
https://i.mopix.cc/QWRUGK.jpg
首映會｜紅毯：
https://i.mopix.cc/HbFnts.jpg
https://i.mopix.cc/dxatzA.jpg
https://i.mopix.cc/gUKmF3.jpg
首映會｜訪談：
https://i.mopix.cc/YpGuG1.jpg
首映會｜幕後照：
https://i.mopix.cc/uw5rQE.jpg
https://i.mopix.cc/HCPswS.jpg
官方來源
https://www.instagram.com/p/DSkv1UyDxsT/
Little Monsters 千萬別錯過！"
[公告] 水桶,ckshchen,12/24,14,14,https://www.ptt.cc/bbs/movie/M.1766527362.A.858.html,"作者USD5566 (美金五千五百六十六)
看板movie
標題[討論] 只有我覺得禁大濛文很爽嗎？
時間Tue Dec 23 21:47:52 2025

笑死，你真的那麼愛民主自由
還不趕快去拍一部綠色恐怖的電影來針砭？
https://i.imgur.com/xA6xzcK.jpeg
這個才是現今台灣的社會問題好嗎！
敢觸犯這張圖的要碼被機關告要碼被網暴
這麼愛言論自由怎麼不敢討論這個題材？
https://www.ptt.cc/bbs/movie/M.1766497674.A.642.html
可以討論版務
不要偷渡現在政治  一個月

+"
[普雷] 大濛,BFR,12/24,17,17,https://www.ptt.cc/bbs/movie/M.1766527372.A.8DA.html,"雷文防雷資訊頁

本文無雷

純粹分享觀影心得

~*-*~*-*~*-*~*-*~*-*~*-*~*-*~*-*~*-*~*-*~*-

看完感覺很普，幾個點想分享

1.
感覺得到導演想重現當時的時代感
在場景建構上很用心
但總覺得畫面還是太乾淨了
有點像現在古裝劇總是妝很濃或是有難以言喻的違和
（還是因為現代影劇的畫質太好？XDD）

2.劇情太單一
因為很直線式敘述
很清楚知道劇情會怎麼推展
因而感受沒那麼強烈

3.用了很多知名且厲害的演員
演技都很好

4.最喜歡的一段是結尾
巧妙地串連了姐弟妹




因為這部電影有政治色彩
要寫心得文也會有些顧慮
但又覺得
因為我身在台灣
所以應該可以好好闡述自己的想法
縱然跟主流言論不同
但能有多元的想法交流分享
也是身在台灣最珍貴的地方"
[討論] 史嘉蕾的巔峰是八腳怪嗎？,h2030625,12/24,81,81,https://www.ptt.cc/bbs/movie/M.1766535756.A.950.html,"昨天重看八腳怪 結果發現女兒是史嘉蕾演的
https://i.mopix.cc/7cAFXR.jpg
年輕的寡姐在太正了 太美了吧

原本以為巔峰是在鋼鐵人2

但是現在好像比較少這種巨大怪物的電影

以前好像很愛拍這種 像是地心竄出"
[討論] 近十年有什麼超紅的電影主題曲？,violacrystal,12/24,63,63,https://www.ptt.cc/bbs/movie/M.1766538838.A.679.html,"最近複習收藏的電影曲，早期的迪士尼動畫電影，埃及王子、獅子王的都很經典。

然後魔戒、神鬼奇航、哈利波特，這些音樂一出來馬上就知道是哪部作品，而且根本就是量身訂作。

不知道是出社會變忙了，還是電影傳播沒有像以前那麼熱，歌單也好幾年沒更新了…

有沒有這幾年比較推薦的電影主題曲可以分享一下，感謝"
[討論] 沙丘三該不該硬槓復仇者?,bebopfan,12/24,57,57,https://www.ptt.cc/bbs/movie/M.1766542253.A.110.html,"https://twitter.com/FilmUpdates/status/2003605007489466484
華納仍然計畫讓沙丘三與復仇者在同一天上映.

因為沙丘三比復仇者早決定要在那個日期上映."
[情報] AppleTV/YT $80起 愛是您愛是我.藍色時,tryzji,12/24,0,0,https://www.ptt.cc/bbs/movie/M.1766549620.A.473.html,"完整片單如下：


$90 愛是您・愛是我 (數位修復一刀未剪版)
AppleTV :
https://reurl.cc/46jVY2
YouTube :
https://reurl.cc/d1L4nM
完全不用多說的聖誕節電影No.1~

-

$80 聖誕奇妙公司
AppleTV :
https://pse.is/8h6x77
Youtube :
https://tw.psee.ly/8h6wzw
法國頗有聖誕節氣氛的闔家觀賞奇幻電影

-

$80 天堂髮廊
AppleTV :
https://pse.is/8h6xgu
Youtube :
https://tw.psee.ly/8h6xkd
爛番茄77%，改編自真實事件，近年少見的政治驚悚奇作。

-

$80 拆彈倒數30分鐘
AppleTV :
https://pse.is/8h6xte
Youtube :
https://tw.psee.ly/8h6xwn
高概念動作驚悚片，母子被困在倒數30分鐘即將引爆炸彈的車內。

-

$80 米婭的精靈王國
AppleTV :
https://pse.is/8h6y7t
Youtube :
https://tw.psee.ly/8h6y45
真人融合動畫的奇幻冒險電影。

-

$90 舞力對決：地表撐霸
AppleTV :
https://reurl.cc/MyraK4
YouTube :
https://reurl.cc/dmRENV
搭上2024奧運久違的街舞電影。

-

$90 做工的人 電影版
AppleTV :
https://reurl.cc/RW4lED
YouTube :
https://reurl.cc/nrzj4e
話題性影集首部劇場版。

-

$90 電影刀劍亂舞-黎明-
AppleTV :
https://reurl.cc/j38OVq
YouTube :
https://reurl.cc/37amOl
日本超人氣ONLINE遊戲改編，劇場版第2彈。

-

$90 藍色時期
AppleTV :
https://reurl.cc/lNQqWQ
YouTube :
https://reurl.cc/04v50l
日本超話題性動漫作品，原著發行超過700萬部，首部真人劇場版。

-

$90 完美配對謀殺案
AppleTV :
https://reurl.cc/M6XdK3
YouTube :
https://reurl.cc/46XmzX
土屋太鳳主演的網路交友驚悚片。

-

$90 鬼咧號
AppleTV :
https://reurl.cc/V08bMN
YouTube :
https://reurl.cc/NbqKbn
印尼年度票房冠軍恐怖片，台灣小規模上映票房600萬還挺不錯的。"
"[請益]為什麼阿凡達2/3都這麼弱,跟1差遠了",JessicaKuo,12/24,61,61,https://www.ptt.cc/bbs/movie/M.1766551079.A.BA3.html,"阿凡達1 可以看好幾次都不會膩

阿凡達2/3看完一次就差不多了

阿凡達1中有的

探險 未知 直升機 機器人 愛情 大規模戰鬥 主角對決

反派腳色能力強大鮮明 成長破任務

在阿凡達2/3中都沒有看到...一些海洋生物 但就是沒有森林與空中有趣

也沒有人類與納美人對決 也沒有大規模機械跟生物的戰鬥

劇情沒有怎麼連特效都沒有哩

看來應該不會再有阿凡達4了, 如果有 拜託至少人類的先進武器要拿出來阿

高空轟炸機 機器人 戰艦 太空武器拿出來跟潘朵拉星球的生物打架阿

阿凡達的2/3還是輸1太多 不只劇情輸, 戲劇效果也輸 大場面也輸"
[新聞] 被取消的漫威電影《復仇者聯盟 : 康之王,ayumi0037,12/24,20,20,https://www.ptt.cc/bbs/movie/M.1766565794.A.3E6.html,"據傳，一些關於《復仇者聯盟：康之王朝》原本會長什麼樣子的新細節浮出水面。

漫威影業的《復仇者聯盟：末日崛起》目前正在進行後期製作。該片由喬羅素與安東尼羅
素兄弟檔執導，並將在不到一年的時間內上映。續作《復仇者聯盟：秘密戰爭》則預計於
2027年12月上映。

在宣布《復仇者聯盟：末日崛起》之前，漫威原本規劃下一部《復仇者聯盟》電影為《復
仇者聯盟：康之王朝》。該片原定由《尚氣與十環傳奇》導演 德斯汀・丹尼爾・克雷頓
執導，並讓強納森梅傑斯回歸飾演反派「征服者康」。然而，在梅傑斯因法律風波遭迪士
尼解雇後，MCU的「康」相關主線也隨之被取消。

雖然外界一直很少得知《康之王朝》原本的具體內容，但爆料者 MyTimeToShineHello 分
享了一些據稱與這部被取消電影有關的新細節。

貼文內容寫道：「在這部電影中，時間變異管理局（TVA）開始從多元宇宙各處召集『錨
定存在』，因為他們相信這些人是唯一強大到足以擊敗『康之議會』的存在。陶比麥奎爾
與安德魯加菲爾德分別是各自現實的『錨定存在』，而湯姆霍蘭德的蜘蛛人則是地球-616
的『錨定存在』。這部電影的規模原本打算比《秘密戰爭》更小，重點更聚焦在霍蘭德的
彼得帕克、陶比麥奎爾、安德魯加菲爾德、休傑克曼的金鋼狼，以及其他『錨定存在』，
例如尼可拉斯凱吉的惡靈戰警。計畫是讓他們最終全都失敗，導致多元宇宙崩塌，並由康
創造出『戰鬥世界（Battleworld）』。接著為《秘密戰爭》鋪路，其他MCU角色與更多多
元宇宙人物將在戰鬥世界匯聚。」

不過，這些都只是傳聞，因為《康之王朝》從未公開任何官方劇情。麥奎爾、安德魯加菲
爾德、霍蘭德、傑克曼與凱吉，也都尚未被官方宣布會參演接下來兩部《復仇者聯盟》電
影。

《復仇者聯盟：末日崛起》將於2026年12月18日上映，《復仇者聯盟：秘密戰爭》則預計
於2027年12月17日上映。

新聞來源：
https://www.superherostar07.com/archives/24191"
[好雷] 阿凡達火與燼 Dolby觀後感,linw33,12/24,8,8,https://www.ptt.cc/bbs/movie/M.1766568347.A.310.html,"有雷













阿凡達看特殊廳就是爽
必須得說，杜比的聲光真的強
3D效果與聲音環繞增加沈浸感，觀感直接往上提升
畫面與美術視覺也大大升級

新登場的灰燼族是這集的大亮點
首次出現背離伊娃信仰、站在阿凡達對立面的部落
不得不說這個女首領瓦蘭真的是很有魅力的反派
每個肢體動作、和上校的互動都充滿性張力

親情線也做得滿細膩的，面對家園的危機
傑克必須在守護與犧牲之間做抉擇
而奈蒂莉則是在復仇與原諒這兩者間掙扎

前面悲痛的影響及面臨危機四伏的情況下
每個角色都出現大幅度的成長，其中最喜歡的還是奈蒂莉
本來堅持不肯接受人類的武器，到後面開始懂得變通成為戰場上的主力，帶著身上的傷拯
救自己的老公也重新接納蜘蛛

整體來說，這集更好看
衝突和打戲變多，讓整部節奏更緊湊刺激
畫面跟特效的部分就不用多說了就是頂，推薦給大家~"
[新聞]《尋秦記》三大女主角重聚宣萱爆新片大結局,Articuno,12/24,0,0,https://www.ptt.cc/bbs/movie/M.1766568958.A.EA6.html,"防雷頁
















《尋秦記》三大女主角重聚宣萱爆新片大結局
https://i.epochtimes.com/assets/uploads/2017/10/171024070054100311.jpg
香港藝人宣萱資料照。（宋碧龍／大紀元）

【大紀元2025年12月24日訊】（大紀元記者佟亦加報導）由香港作家黃易創作的穿越小說
改編的同名電影《尋秦記》，將於今年12月31日上映。12月22日，古天樂攜林峯、宣萱、
郭羨妮、滕麗名等劇集原班人馬，以及苗僑偉、徐浩昌、伍詠詩等新角色演員，一同出席
宣傳啟動禮。

《尋秦記》由古天樂擔任總監製，吳炫輝、黎震龍聯合執導，古天樂、林峯、宣萱、郭羨
妮、滕麗名領銜主演。劇版《尋秦記》於2001年開播，成為當年的爆款劇，獲封「穿越劇
的開山鼻祖」，至今「豆瓣」評分仍高達8.6，穩居高分經典港劇榜前列。

電影版《尋秦記》的故事將承接劇集版結局，影片的最大看點莫過於劇版幾位原班人馬回
歸。古天樂此次以總監製與領銜主演的雙重身分亮相，不僅再次飾演靈魂人物項少龍，並
力邀林峯、宣萱、郭羨妮、滕麗名等老友重聚。

最引人關注的是，12月22日，宣萱、郭羨妮與滕麗名三大女主角重聚時，不禁相擁轉圈，
場面溫馨。久未露面的郭羨妮興奮直呼：「我們忍不住相擁啊！」宣萱表示，這次重聚非
常難得：「今天是宣傳第一天，能和大家再見面，剛才還在說有沒有機會再坐在一起，合
作真的要看緣分。」

至於電影上映後的謝票安排，宣萱爆料，好友古天樂已下達指令。她透露：「古仔叫我1
月份不要放假，但我想去滑雪啊，他說你想都別想，3月份再說吧，最重要是先工作！」

回憶2001年播出的劇集版《尋秦記》，郭羨妮形容幾位女主角之前的交情：「25年前，《
尋秦記》是我拍的第一部劇，當時覺得『姐姐啊，我好害怕啊！』和大家也都不熟；但現
在就有認識了很久的感覺。」體悟到友情歷久彌深的宣萱，補充說：「現在反而更聊得來
！」

已經許久沒推出新作的郭羨妮表示，雖然自己的戲癮不大，但「如果將來有機會，我想拍
一些有發揮空間、能讓我多演一些的戲」。

提及三人25年來的變化，宣萱大讚滕麗名保養最好，直呼「她是超級防腐劑」；滕麗名則
透露自己凍齡不老的原因：「因為我還在TVB啊！」已經離開TVB逾13多年的宣萱大笑，驚
訝表示：「沒道理的！那多辛苦啊！」滕麗名坦言：「雖然辛苦，但因為時間比較規律啊
，早睡早起。」

至於《尋秦記》是否會拍第三部，滕麗名透露：「6年前，古老闆說，如果票房好的話會
再拍。」宣萱一激動則劇透大結局：「在戲裡沒人死啊！可以拍第三部……不能說太多了
！」據悉，影片2019年7月拍攝並殺青，卻一直未有上映消息，甚至成為港片的「都市傳
說」之一。6年後，觀眾終於有機會一睹其真容。

責任編輯：葉紫微
https://www.epochtimes.com/b5/25/12/24/n14661198.htm"
[新聞] Netflix節目收視率11月升10% 派拉蒙升14％,Articuno,12/24,4,4,https://www.ptt.cc/bbs/movie/M.1766569385.A.559.html,"Netflix節目收視率11月升10% 派拉蒙升14％

【大紀元2025年12月23日訊】（大紀元記者葉子杰編譯報導）當地22日，據尼爾森公司11
月的節目收視率調查，Netflix的收視率增加了10%，總市場收視佔有率達到8.3%。而派拉
蒙的收視率則飆升了14%，總市場佔有率達到8.9%。目前這兩家媒體巨頭仍在爭相競購華
納兄弟公司。

據《尼爾森》報導，派拉蒙（Paramount）11月整體收視率增長了14%，當月總觀看時長佔
了總市場的8.9%，創下四月以來最高紀錄，在媒體市場排行榜中躍居第三位。其CBS電視
網的和Paramount+均增長超過18%，分別為派拉蒙貢獻了0.5和0.2個百分點。Netflix在11
月同樣表現強勁，增幅位居第二，達到10%，市佔率增加了0.3個百分點，總市佔率達8.3%
，最終排名第五。

Netflix這波漲幅全靠《怪奇物語》（Stranger Things）第五季，也是最終季撐腰，單靠
這部就吸引將近120億觀看分鐘，加上《獸藏我心》（The Beast in Me）和吉勒摩‧戴托
羅執導的電影《科學怪人》（Frankenstein），這兩部影片當月合計70億分鐘。

雖然派拉蒙和雖然派拉蒙和Netflix兩家媒體表現強勁，但YouTube和迪士尼仍分別以
12.9%和10.5%的市佔率保持在第一、二名。YouTube的市佔率與上月持平，而迪士尼的市
佔率則下降了0.9%。

據《NetflixJunkie》報導，Netflix正在以價值約827億美元的方案與派拉蒙競購華納兄
弟探索（Warner Bros. Discovery, WBD），如果Netflix交易成功，可能會徹底改寫好萊
塢的規則。Netflix將獨佔華納兄弟最具代表性的系列電影，如蝙蝠俠、超人、整個DC電
影，還有哈利波特及《怪獸與牠們的產地》系列等。

除了電影外，Netflix還會接收華納兄弟全部電視庫，從HBO的熱門影集《黑道家族》（
The Sopranos）、《冰與火之歌：權力遊戲》（Game of Thrones），到經典之作《宅男
行不行》（The Big Bang Theory）全都有。

還有《魔戒》（The Lord of the Rings）系列、《駭客任務》（The Matrix）系列、《
北非諜影》（Casablanca 1942）、《刺激1995》（The Shawshank Redemption）等電影
，全都收入進Netflix片庫中。

Netflix掌控製片廠跟授權合約後，就能主導大片的發行，不只鞏固其串流平台地位，更
將成為全球娛樂界的霸主。

責任編輯：蘇漾
https://www.epochtimes.com/b5/25/12/23/n14660900.htm"
[超好無雷] 《佐賀偶像是傳說 夢幻銀河樂園》,nobady98,12/24,10,10,https://www.ptt.cc/bbs/movie/M.1766570688.A.71B.html,"https://i.imgur.com/SjUkXnT.jpeg
聽說現在要秀票根？

總之最後的LIVE配合地震變成了4DX
超有感

整體來說是個非常有《佐賀》樣子的劇場版
也是真正的SF電影
宇宙人侵攻佐賀

劇情沒有什麼大問題
不如說能收回一些伏線和多加一堆彩蛋真的超驚喜
看樣子感覺會出第三季來繼續補完

可惜的是可能要看過山田的漫畫本傳才更能知道山田發生了什麼事
這算是小小缺憾
畢竟不是每個人都有看過漫畫
台灣好像也沒有代理

應該要開應援場的
我好想跟著一起唱啊"
[討論] 娜塔莉波曼於IG分享喜愛《左撇子女孩》,lgng66133,12/23,24,24,https://www.ptt.cc/bbs/movie/M.1766463307.A.00D.html,"http://i.imgur.com/k1NvnNH.jpg
奧斯卡影后娜塔莉波曼

在自己的IG限時動態分享對於《左撇子女孩》的喜愛

也對還沒觀看這部作品的影迷呼籲趕緊去觀賞

繼伊莎貝雨蓓之後 又一影后公開對於《左撇子女孩》的喜愛"
[普好無雷] 《喇嘛與仁波切》,nobady98,12/23,4,4,https://www.ptt.cc/bbs/movie/M.1766464119.A.EF0.html,"https://i.imgur.com/Vtpg7bs.jpeg
這趟只是陪我媽來看
她是藏傳佛教的信者
意外地這場人還滿多的
更讓我意外的是幾乎全場都是女性

故事本身就是一個紀錄片
也沒什麼好劇透的
就是一個喇嘛帶著小小的仁波切長途跋涉的故事
前面在拉達克的佔比有點多
比較無聊一點
但也顯得輕鬆許多
後面踏上旅程就比較克難
但也比較好看一點

最後希望他真的能達到中國的西藏
雖然中國應該不會讓他到就是了"
N/A (本文已被刪除),-,12/23,0,0,N/A,N/A
[超好雷] 飛進未來/Big 大推讚讚,Hosh,12/23,9,9,https://www.ptt.cc/bbs/movie/M.1766465218.A.A59.html,"雷文防雷資訊頁
https://i.mopix.cc/7aT8FH.jpg
圖片取自網路
~*-*~*-*~*-*~*-*~*-*~*-*~*-*~*-*~*-*~*-*~*-*~*-*~



~~~~~~~~~~~~~~~~~~~ 雷文 主文分隔線 ~~~~~~~~~~~~~~~~~~~~~~~~~~~~~~~~~

防雷
防雷
防雷
防雷
防雷
防雷
防雷
防雷
防雷
陳雷
防雷
防雷
防雷
防雷
防雷
防雷
防雷
防雷
防雷

~~~~~~~~~~~~~~~~~~~ 雷文 主文分隔線 ~~~~~~~~~~~~~~~~~~~~~~~~~~~~~~~~~
有幸在30歲的這年可以看到這部這麼有感觸的電影，謝謝湯姆漢克，然後女主角好像怪奇
物語的Eleven！讓我看得目不轉睛的！
還有一開始以為是回到未來的系列作之類的，沒想到根本無關哈哈哈

一開始小男主喜歡的那個朋友姊姊，以為他長大後會去找那個朋友姊姊，結果是自己開了
一條新支線XD
雖然一開始很驚訝喬許居然可以在公司上班又當上副總，但想想是一間玩具公司，他的工
作又是負責玩玩具，又突然可以接受了XD
不過中間喬許因為樂於工作一度忽略他童年的好朋友也有點感傷，原來在汲汲營營的世界
裡有些人真的容易被忽視QQ在此呼籲大家在這世界的洪流中還是要珍惜身邊的人><

很喜歡看到保有赤子之心的大人，以前我也是這樣的人，但或許出社會四五年之後也被社
會洗禮了，沒辦法像以前那樣整天像個小孩子天馬行空了，就像喬許最後找女主一起回到
童年的時候，女主也說了自己回不去，因為人生已經經歷到實際的30歲了，就算身體回到
小時候，腦袋也不是13歲的腦袋了，完全可以理解._.

最後是一直以為這部會跟童夢奇緣（劉德華演的）一樣一直變老而且回不去，但最後喬許
還能許願回到小時候真的很羨慕，很多時候我也想回到小時候…想去找祖塔許願機了

推薦沒看過的版友們可以去看看！！！"
[討論] 巨洪觀感 有雷慎入,loveyouwei,12/23,2,2,https://www.ptt.cc/bbs/movie/M.1766473612.A.CBD.html,"看了40幾年電影，只要能帶給我全新觀感概念的電影我都會認為是好電影。

毀滅倒數28天，顛覆了我對殭屍只能慢慢走的概念。

星際效應讓我知道人類為了連續生命付出了多少的生命與努力。

外星人ET，讓我對外星生物有著不全然是壞的刻板印象。

法櫃奇兵系列，古墓奇兵系列，讓我知道傳說中的寶藏到最後一定都是毀滅，因為他毀滅
性的力量所以是不能現於人間的。

巨洪這部片子，讓我們知道大難臨頭各自飛，但是還是有人為了愛努力的要讓心愛的人活
下去或者同生共死。

這電影給了一個概念，告訴我們即使都洪水來了韓國人也要找廁所不隨地大小便是在反諷
另外某些國家的某些人民，為了自己的方便可以不顧國家的形象隨地拉屎拉尿的形象。還
有人類為了延續人類的生命意義，即使自己付出生命，也希望有人能夠繼續活下去，這個
概念跟星際效應是一樣的。

對於所有的事情我都看到正面的那一面，電影的存在也都是導演跟編劇要敘述的理念，讓
我們這些平凡人看到如果這些事情發生了這世界會是怎麼樣的。我之所以喜歡看電影，就
是喜歡這些天馬行空的想法，喜歡這些我一輩子也體會不到的事情讓我有機會去想像觀賞
已經在心中埋下一些概念的種子，就像電影劇中女主角發射到太空中尋找一個未知渺茫的
可能，只要有那麼一點點的希望，都不要放棄追求自己的理想。

我想會一輩子愛著看電影，並貪婪的感謝著電影帶給我的概念，並珍惜的守護我心中的一
些小小的想法，盡可能的去實踐他，哪怕失敗也是一種經歷，不會白白的過著這一生。"
[新聞]《那張照片裡的我們》雙帥登場 振永想演,toebb,12/23,8,8,https://www.ptt.cc/bbs/movie/M.1766475417.A.C25.html,"《那張照片》雙帥登場！振永想演熱血青年　宋柏緯曝「與李沐那場戲」最浪漫
https://i.mopix.cc/z47koV.jpg
宋柏緯和振永出場時特別互相介紹對方的角色。朱愷元攝

【洪藝晅、朱愷元／台北報導】

台韓愛情電影《那張照片裡的我們》將於12月24日上映，今天片中雙帥「金浩熙（振永飾
）」與「李弘國（宋柏緯飾）」在特殊影人場活動現身，與影迷近距離互動。

振永自曝，很想挑戰熱血青年「弘國」，欣賞他為了愛與正義，不惜犧牲自我的勇氣；，
宋柏緯談起與李沐一起在寒冷的合歡山拍攝「初雪」場景，他說：「雖然現場沒有下雪，
但當下彷彿真的看到雪花落下，非常浪漫。」
https://i.mopix.cc/rgzTXB.jpg
那張照片裡的我們影人特別場，一開賣即秒殺完售。朱愷元攝

《那張照片裡的我們》今天在舉辦特殊影人場，讓影迷可與振永、宋柏緯近距離互動，票
價1977元，消息一公布門票瞬間銷售一空。活動開始前，兩位帥氣演員在門外等待入場，
期間宋柏緯還忍不住微推開門縫，偷看觀眾的反應。

隨著主持人介紹，兩位帥氣主演振永與宋柏緯現身，當兩人走進影廳時，現場響起歡呼聲
與鎂光燈快門聲，氣氛相當熱絡。

一開場，振永即重現片中經典自我介紹：「大家好！我是浩浩蕩蕩的浩，熙熙攘攘的熙，
金浩熙。」說完後害羞地露出招牌狐狸笑容，引來全場尖叫。振永也自曝，很想挑戰宋柏
緯飾演的「弘國」。

他表示，弘國與賢英是青梅竹馬，可以與她相處很久，也為了幸福與正義，願意犧牲自己
的生命，直言「這樣的角色真的非常帥氣。」
https://i.mopix.cc/t2WHmi.jpg
振永提到與李沐分離的那場戲，被李沐的演技深深感動，不禁落下眼淚。朱愷元攝

宋柏緯則形容金教練是一個比弘國更成熟、穩重且富有責任感的男人，大讚「就是很 man
，也很帥。」宋柏緯在現場再度「告白」振永，分享拍攝時的一段插曲：「電影裡我的角
色，其實是要愛上賢英，但有一場戲是我跟振永合拍，那天的光線、薄紗微微吹來，真的
覺得『哇！好帥』一度有點小錯亂。」
https://i.mopix.cc/KZXzKB.jpg
宋柏緯則形容金教練是一個比弘國更成熟、穩重且富有責任感的男人。朱愷元攝

談到選角過程，導演鄭乃方分享，當宋柏緯刷下琴弦、開口唱歌的那一刻，「我就知道他
是李弘國了。」至於振永，鄭乃方表示，他在韓劇《Sweet Home2》中飾演軍人，再加上
他對劇本非常有共鳴，也積極表示「看了五次、哭了五次」，讓團隊相當感動。

他補充：「振永本人非常內斂、紳士，和金教練的氣質很像，我覺得他的靈魂就可以演這
個角色。」

導演湯昇榮表示，振永在片中有大量武打動作，排練相當辛苦，「他的表現不只是情感，
還有肢體，真的要謝謝他為這部電影的付出。」
https://i.mopix.cc/jp0YA7.jpg
鄭乃方導演提到電影中弘國父親砸毀吉他時，讓他深受感動。朱愷元攝
https://i.mopix.cc/oXvXCG.jpg
湯昇榮導演提到在現場哭得比演員還誇張。朱愷元攝

聊到拍攝過程中最辛苦或最難忘的場面，宋柏緯回憶起在合歡山拍攝的場景。拍攝時間正
值去年12月，在高山且低溫環境下工作很痛苦，甚至有工作人員有高山症，需要暫時下山
恢復血氧。

不過卻有一場戲，讓他印象深刻「除了真實的寒冷，我跟李沐還要一起想像在公車站看到
初雪，雖然現場沒有下雪，但那天真的有一種初雪落在眼前的浪漫感覺。」
https://i.mopix.cc/5P6AiG.jpg
宋柏緯分享印象最深刻的一場戲是在合歡山上與李沐看見初雪時的景象。朱愷元攝

振永說，與賢英分開的那場戲最印象深刻。他表示，那一幕原本角色設定是要強忍淚水、
讓賢英安心，但現場看到李沐精湛的演技後，自己也不自覺眼眶泛淚。「導演在監視畫面
前哭得很慘，我回頭一看，兩位導演都在哭，真的太可愛了。」

除了分享拍攝花絮，振永也驚喜獻唱電影主題曲〈此刻永遠〉，他笑稱，因為麥克風有些
延遲，可能不太好唱，請大家多多包涵，但溫暖嗓音仍成功征服全場影迷的耳朵。

宋柏緯則背起吉他自彈自唱，在調整麥克風時，還幽默地脫口而出「          （謝謝）
」，隨後深情演唱〈瞬間的遠方〉，振永在一旁頻頻點頭，直喊「    ！      （哇！好
帥氣）」。
https://i.mopix.cc/VB1NId.jpg
振永開金嗓，為觀眾現場電影主題曲〈此刻永遠〉。朱愷元攝
https://i.mopix.cc/GMBU2T.jpg
宋柏緯在影人特別場用吉他自彈自唱電影插曲〈瞬間的遠方〉。朱愷元攝

談到與 9m88 合作〈此刻永遠〉，振永表示自己的聲音偏向美聲系、聲音較薄，正好與9m
88 厚實的嗓音形成互補，大讚「我覺得這是一個非常棒的組合。」
https://youtu.be/-xVfoztSwnA?
驚喜不間斷，除了演唱歌曲，現場還抽出兩位幸運影迷，可以與主演近距離合照。其中一
位幸運兒，手上還舉著寫著振永名字的應援牌，身旁朋友激動直呼：「太幸福了吧！」
https://i.mopix.cc/87dG5I.jpg
現場觀眾可抽獎與宋柏緯和振永獲得拍立得合照。朱愷元攝

活動最後的大合照，眾人齊喊「當會喔！        （我愛你）」，為影人場畫下完美句點
，離場前，振永與宋柏緯也一路揮手致意，寵粉行徑讓影迷們直呼「好感動」。

《那張照片裡的我們》由客家公共傳播基金會與瀚草文創GrX Studio出品，並由客家委員
會媒合，獲得文化內容策進院內容開發專案計畫—前期開發支持，另獲桃園市政府文化局
114年度補助影視製作。

電影講述1977年時的中壢照相館攝影師賢英（李沐飾）、韓國跆拳道教練金浩熙（振永飾
）與熱血青年弘國（宋柏緯），三人在動盪年代裡，因一場選舉掀起不平靜風浪，交織的
青春、愛情與友情故事，將在12月24日聖誕節全台上映。
https://i.mopix.cc/IR3Loc.jpg
《那張照片裡的我們》將於12/24全台上映。朱愷元攝

新聞網址：
https://www.mirrormedia.mg/external/amp/hakka_249466"
[好雷] 《破壞之王》我心目中最好笑的周星馳,godzillahome,12/23,43,43,https://www.ptt.cc/bbs/movie/M.1766476386.A.521.html,"片商的宣傳力道好像沒有很大，但《破壞之王》即將於本週末重新上映。
.
今天搶先看了特映，觀感跟體驗極佳，你可能已經看過了無數次《破壞之王》、對它的台
詞倒被如流，但我仍然推薦你進電影院再看一次。電影院會放大觀眾的情緒：恐怖電影會
變得更恐怖、動作電影會變得更刺激、而喜劇電影更是其中最具代表性的一類，當一群人
一起大笑，哪怕是個不怎麼高明的笑話都會變得有趣。
.
因此像《破壞之王》這樣塞滿笑點的喜劇電影，正好提醒了我們電影院存在的價值，今天
是我第一次在電影院看這部電影，跟著一群陌生人，對著已經笑過好幾次的橋段大笑時，
那種新鮮感彷彿第一次看到似的，最近台灣的氣氛可能有點低靡，如果你在年末正好需要
痛快地大笑一場來轉換心情的話，《破壞之王》會是你的首選。
.
以下舊文寫於2021/06/22，這邊再貼一次。



~*-*~*-*~*-*~*-*~*-*~*-*~*-*~*-*~*-*~*-*~*-*~*-*~



~~~~~~~~~~~~~~~~~~~ 雷文 主文分隔線 ~~~~~~~~~~~~~~~~~~~~~~~~~~~~~~~~~



《破壞之王》是我看的第一部周星馳電影，我還記得這部電影讓我笑成神經病。
.
後來我去找了其他周星馳電影來看，每一部都讓我滿懷期待，我等不及想要再看到一部像
《破壞之王》這麼好笑的電影，尤其當我看到導演是李力持時我總是更加期待。
.
但好像，其它周星馳的電影都沒那麼好笑。是都有各自的看點與優秀之處，很少真的爛的
，大多數其實都是不錯而且好看的喜劇電影，但就是沒有那麼令我感到滿意。
.
後來我才發現，原來我第一部就看到了周星馳的喜劇巔峰電影，如果要選一部周星馳藝術
成就最高、最好看、最動人的電影，或許不會是它，但要在喜劇這個分類裡面挑一部最好
笑的，那絕對就是《破壞之王》。
.
我們很少看到一部這樣如此顛覆傳統劇情架構的喜劇作品，它幾乎徹底放棄了有邏輯的起
承轉合以及能夠說服觀眾的人物成長曲線，前陣子看到一個新聞，說周星馳並不太滿意這
部作品，他多次想要介入，但意見與想法卻沒被李力持採納，我相信周星馳的才華絕對不
只喜劇表演，他是個有內涵且有想法的人，我們可以在多部他自導自演的電影中看到他透
過電影闡述了他的感情觀、哲學觀、武學觀與世界觀，或許像《破壞之王》這麼一部生為
搞笑而沒有其它企圖的電影，並不是一部他真的想拍的電影吧。
.
但就結果來論，還好周星馳沒有成功介入，不然這部電影或許不會這麼好笑、這麼純粹，
沒有任何深度從來不是壞事，這反而是這部電影之所以成功的最主要原因：它在戲劇上的
野心很小，但它在喜劇上的野心與成就卻非凡：它要拍出一部讓你從頭笑到尾的電影。
.
而神奇的是，它真的辦到了，這部電影幾乎每分每秒都是梗，每句台詞都是金句，而且更
重要的是，它的節奏近乎完美，電影塞滿了笑話，卻不會只有笑話，而是用笑話來推動劇
情前進、用笑話來展開人物動機，觀眾一面大笑，劇情一面流暢的前進，你在觀影的過程
中完全感受不到一刻的無聊，而且也沒有哪一段戲是多餘的，你可以說它的故事簡單陽春
甚至缺乏鋪陳與合理性，但它在一片嘻笑胡鬧之中完整地講完了一個故事，沒有為搞笑而
搞笑的橋段，也沒有為了推進劇情而硬要演的文戲，這樣的劇情架構其實是非常了不起的
。
.
既然目標是要讓觀眾笑滿全場，那當然不能只用一套搞笑方式、不能重複講一樣的笑話，
不然觀眾遲早會膩，就像武打片如果要從頭打到尾，那必須在每場武打戲中都做出變化與
區隔才行，這部電影幾乎把所有你能想像的喜劇搞笑手法通通用上，而且成果斐然：有誇
張的大動作、也有細膩的小動作(鬼王達一面痛斥主任不要把他當乞丐、一面把錢收進口
袋這個動作我現在看到還是會笑)；有一本正經的講幹話(這方面吳孟達貢獻了至少八成的
笑點)、也有伶牙俐齒的嘴砲(「那個人真的很可憐」「世界上有你這樣的人才叫可憐」幹
寫出這句台詞的人真的有夠賤)；有香港在地文化的哽、也有諧仿惡搞的笑料(我懷疑這片
應該是沒有跟《魔鬼終結者》還有加菲貓買版權)；有鏡頭上的趣味手法(何金銀交學費那
段的分鏡超級北爛)、也有莫名不知道如何歸類的哏(張學友突然跑出來什麼都不用做就夠
好笑了)。
.
對了，別忘了還有奔雷手文泰來，編出這段戲的人絕對是個天才。
.
我們甚至可以這麼說：這部電影是一本喜劇電影的教科書，可能是香港甚至這個世界上最
「完美」的喜劇電影之一，如果你心情不好、需要挑一部電影來看，如果你這輩子只能看
一部喜劇電影，那我會跟你說，這個扣打，留給《破壞之王》吧。"
Re: [好雷] 《破壞之王》我心目中最好笑的周星馳,hamasakiayu,12/23,6,6,https://www.ptt.cc/bbs/movie/M.1766477520.A.C8D.html,"※ 引述《godzillahome (帥哥看電影)》之銘言：
: 片商的宣傳力道好像沒有很大，但《破壞之王》即將於本週末重新上映。
: .
: 今天搶先看了特映，觀感跟體驗極佳，你可能已經看過了無數次《破壞之王》、對它的台
: 詞倒被如流，但我仍然推薦你進電影院再看一次。電影院會放大觀眾的情緒：恐怖電影會
: 變得更恐怖、動作電影會變得更刺激、而喜劇電影更是其中最具代表性的一類，當一群人
: 一起大笑，哪怕是個不怎麼高明的笑話都會變得有趣。
: .
: 因此像《破壞之王》這樣塞滿笑點的喜劇電影，正好提醒了我們電影院存在的價值，今天
: 是我第一次在電影院看這部電影，跟著一群陌生人，對著已經笑過好幾次的橋段大笑時，
: 那種新鮮感彷彿第一次看到似的，最近台灣的氣氛可能有點低靡，如果你在年末正好需要
: 痛快地大笑一場來轉換心情的話，《破壞之王》會是你的首選。
其實我當年看到這部片的時候滿失望的

因為本質上就是對於日本漫畫的致敬？(我不確定有沒有買到版權)

故事劇情當然有香港電影的巧思

但主軸其實跟日漫破壞王沒有甚麼差別

人物架構上也是非常靠近

這種感覺我在其他的電影也有感覺到

譬如朱延平的忍者兵

可以完全看出對於忍者亂太郎的借鑑

但卻沒有按照原作的精神在進行翻拍

坦白說

這兩部，對我而言

如果我沒有先看過原作

也許也會笑得很開心

但看過原作之後的感受

卻變成，慘遭真人化的感覺非常強烈




其實同樣的狀況對於周星馳主演電影也不是只有這部

另外一部百變星君也是如此

雖然這部的架構反而沒有破壞之王與忍者兵借鑑的多

但因為周星馳過於誇張化的演出

很難不讓人去聯想到金凱瑞在摩登大聖的表演

而聯想之後

又是一陣落差感

坦白說，但就臉部表情地運用

單比兩片

金凱瑞比周星馳不知到高上幾個台階

金在電影之中，真的可以達到橡皮人的程度了

但周的表演相比之下，就遜色非常之多

而電影本身劇情笑點的植入

其實也顯得頗為生硬

相較星爺我很愛看的那幾部：威龍闖天關、九品芝麻官等

都顯得十分的刻意

就差沒有放個罐頭笑聲提醒觀眾這邊該笑了




但即便我當年的感受都很糟糕

不過這幾部電影在電影台重播率實在太高

雖然我現在很久不看電視了

至少在我少年時代也算是陪伴我長大

當年轉到，都還會停下來看

也算是周星馳無可比擬的銀幕魅力吧~~"
[討論] 阿凡達火與燼觀後疑問(雷),Jean213,12/23,4,4,https://www.ptt.cc/bbs/movie/M.1766479058.A.1AD.html,"剛看完阿凡達3關於內容有以下問題想要請教

1.跟各部族比起來，瓦蘭帶領的曼關族好像沒有看到什麼老弱婦孺
以他們的放任生命的觀念感覺也沒有在認真繁衍後代
這樣他們要怎麼維持人數而不滅族?還是其實他們是收留所有背棄艾娃的人?

2.有點看不懂瓦蘭的大招，不知道是不是前面有漏掉或忘記什麼
為什麼瓦蘭可以用神經連結攻擊跟控制別人

3.本來以為這集是系列完結，但電影最後看起來瓦蘭應該是沒有領便當
這樣是代表還會有下一集嗎?卡麥隆導有講過這部分的規劃嗎?

個人整體來說比較喜歡前兩集
不過真的有被新反派瓦蘭吸引到
從超辣貓步到瘋瘋的模樣難怪上校會暈(雖然應該是互相利用啦)"
[好雷] 喇嘛與仁波切,VANDAS,12/23,3,3,https://www.ptt.cc/bbs/movie/M.1766481173.A.CE9.html,"星橋早上十點半的場竟然有18個人 非常意外
描述西藏高僧轉世到印北的拉達克高原 
因為中國封鎖邊境的關係 徒弟們無法前來迎接
12歲的仁波切與喇嘛烏金伯決定前往西藏的故事

應該有2/3都在描述拉達克的生活
節奏慢 但看了蠻舒服 因為風景都很美 對話也很樸真
後1/3是徒步前往的過程
以上差不多了  沒什麼劇情可雷 
最後在鄰近康區的山上吹響海螺
我竟然感到很平靜（雖然劇裡的他們快冷死了）
最後就是某座寺廟讓仁波切接受高等教育 與烏金伯道別
他們沒有血緣 但烏金伯的虔誠與奉獻真的很感人
然後今天不看
好像也沒場次了
被聖誕強檔夾殺 
不知道怎麼不晚個兩週再上映（？"
[選片] 那張照片裡的我們vs陽光女子合唱團,backfish,12/23,22,22,https://www.ptt.cc/bbs/movie/M.1766483085.A.876.html,"如果最後兩週只剩看一部電影的預算，弱弱的問：您會挑哪一部？


A.《
陽光女子合唱團
》
https://youtu.be/hmS5NQNcbj4
演員：陳意涵、翁倩玉、鍾欣凌、安心亞、孫淑媚、苗可麗、陳庭妮、何曼希

類型：劇情、勵志


B.《
那張照片裡的我們
》
https://youtu.be/CEvaBG7i4MI
演員｜振永、李沐、宋柏緯

類型｜時代、愛情、劇情、青春成長"
[普雷]《為減而減》減肥達人背後的殘酷真相,KevinMoleaf,12/23,1,1,https://www.ptt.cc/bbs/movie/M.1766489105.A.068.html,"瘦下來人生順遂？綜藝效果與身體健康的拔河

「最近好像又胖了。」現代人因為生活作息跟過去不同，久坐少動的狀況增加，且高熱量
、精緻飲食增加，讓肥胖程度成為了身體是否健康的指標，許多人都會與家人朋友討論，
健康與胖瘦之間的問題。許多國家很多醫生、專家學者認為現在人們肥胖問題跟近視一樣
，已經是一種文明病、流行病。

世界衛生組織調查（2024）全球約有八分之一的人有肥胖症狀，既然肥胖問題需要解決，
那麼如何讓胖的人有動力減肥？有一檔以減肥為主題的美國節目就抓住這點，推出了減肥
綜藝，的確參賽者開始運動控制飲食，但也引發了後續一系列的節目大大小小的「健康」
問題。

《為減而減：減肥達人背後的殘酷真相》是探討美國節目《超級減肥王》幕後。當年的參
賽者、製作人、教練與醫生許多人都參與紀錄片拍攝，並對節目有著不同看法，參賽者想
要減肥並讓自己人生煥然一新，但卻爆出醫生與教練對立、選手第一天就休克、冠軍賽後
復胖，身體出問題等狀況，因節目延伸出各種問題，最終還鬧上新聞頭版。



《為減而減：減肥達人背後的殘酷真相》是什麼電影？

肥胖成為現代社會人們關心的話題，除了醫生對於肥胖群體健康的擔憂之外，許多人也將
肥胖理解為對與美醜和是否有吸引力的指標性，在經典描繪時尚產業的電影《穿著PRADA
的惡魔》（2006）中，就有一段藝術總監奈傑爾對女主角安德莉亞穿衣尺寸直言：時尚圈
不是XS就是XL，M號在時尚圈就是大尺碼。

從這樣的橋段，可以看見現代人對於瘦就是美；肥胖是種罪。不管是女性時尚、或是男性
體態，許多媒體都渲染著這股瘦下來就是好看、快速有效的瘦身，在胖瘦之間更青睞纖瘦
的體態，雖然太過臃腫的體態，的確會對健康造成問題，但是許多並不到病態，只是豐滿
一點的男女，卻也因為這樣的價值觀念長期遭受歧視。

在瘦就是美，但肥胖又高漲的21世紀初，因為網路、資訊媒體流通更加便利，在加上娛樂
的多樣化，「減肥」成為許多人心中的關鍵字，或是吸引眼球的目光焦點。以幫助男女減
重的美國節目《超級減肥王》（2004）也就這樣誕生。《超級減肥王》是找尋體重超標的
參賽者，讓他們加入高強度訓練營，最終減去重量最多的人可以獲得獎金。但節目初期摸
索時，常會有分組比賽、食物誘惑、跟趣味競賽的搞笑橋段。直到因減重環節帶來的高收
視，節目才抓到「勵志」這個賣點，開始讓參賽者正常減重，變得更極端、更有效果，甚
至減重最少的參賽者，還會有處罰橋段。這種作法，也讓許多節目醫生、製作人逐步離開
節目團隊中。



過去也出現過《超級減肥王》紀錄和專題報導（《紐約郵報》和《紐約時報》都曾經推出
過幕後專題，和參賽者的後續報導），2025年紀錄片《為減而減：減肥達人背後的殘酷真
相》則是統整這些故事與報導，並和當時參與的教練、選手、醫生、工作人員接觸，試圖
還原這檔「減肥綜藝」幕前幕後到底發生了什麼事情，而讓立意良善的減肥，變成如今美
國醫生談到「錯誤減重」的最佳負面教材。並且還對一些參賽者造成無法挽回的身體機能
破壞，與心理狀況的負擔。

《為減而減：減肥達人背後的殘酷真相》分成三集，是用傳統的紀錄片手法，人物訪談搭
配節目片段，並且也加入許多訪談者對於陳述故事的矛盾觀點。如體能教練認為自己的減
重方法，能有效幫助參賽者快速瘦身。但是在醫生眼中這是太過極端且不健康的瘦身方法
。

甚至有參賽者認為教練激勵自己的方式，只有威脅跟辱罵，甚至是節目團隊要求和放任，
以便達到讓大眾覺得肥胖人士很可悲的效果。前幕後工作人員也表達這畢竟是『娛樂節目
』，也間接證實在幫助參賽者減重之前，更重要的是為了收視率的各種效果。








《為減而減：減肥達人背後的殘酷真相》分析與延伸：

紀錄影集《為減而減：減肥達人背後的殘酷真相》中《超級減肥王》這樣以人們日常談論
的減肥，為主題的綜藝節目，其實代表著美國電視節目，在網路社群還沒相對普及，電視
素人明星的黃金期。在2000年相當有指標性的美國素人實境秀節目，以荒島求生為主題的
《倖存者》（2000）應該是美國素人實境秀爆紅的開端，最高收視率28%左右，僅次於當
年「美國超級盃」。有許多人把2000年到2010年，稱為美國素人電視實境節目的黃金時期
，當年誕生出許多具有代表的素人選秀：《超級名模生死鬥》（2003）、《美國偶像》（
2002）、《誰是接班人》（2004），《超級減肥王》也是其中之一。

《超級減肥王》的誕生起因主要也是電視台看中素人節目的高收視率，並且想嘗試多種實
驗性。在素人挑戰節目中，主要不外乎都俱備兩種類型：「全面改造」與「淘汰生存」，
《超級名模生死鬥》、《決戰時裝伸展台》（2004）都很符合這樣的類型。但初期《超級
減肥王》的概念並不被看好，主要是高層認為「觀眾不會想在電視上看到胖子流汗」，當
時製作人－戴夫．布魯姆，最終以對抗肥胖、勵志、情感層面說服高層。

這也使《超級減肥王》節目的對外包裝成一起對抗肥胖危機、激勵全美有肥胖困擾的群眾
加入。但本質來說節目拍攝各種肥胖人士及現下的崩潰、嘔吐、虛脫，基本也是抓住觀眾
的獵奇心理，就像《老大哥》（2000）實境秀，就是了解觀眾想八卦和偷窺俊男美女私生
活的心理。



有趣的是許多現在的減重醫生都覺得《超級減肥王》是一個公認的減肥負面教材，而也認
為這節目從第一季開始就灌輸了很多錯誤的觀念，例如一個禮拜瘦上5公斤、10公斤的體
重，減越多重量越厲害，導致大眾誤會必須短時間就可以大量瘦身。

這在2016年後的減重研究「基礎代謝適應問題」中，許多的論文與專家都認為這樣短時間
大量減重、高強度運動不攝取應該的卡路里和營養，即便當下瘦上許多，但之後又會快速
復胖。這是一種身體還債的機制。這也導致一些參賽者，在節目之後體重無法控制也更難
控制，並詢問製作組，能否有事後的協助，但製作人戴夫認為，這已經超過一檔實境秀所
管範圍。

另外想呈現觀看肥胖者的獵奇心理，《超級減肥王》節目往往會要參賽者彼此增加戲劇化
的對立環節，並且也把教練對選手的羞辱當成賣點，塑造成一種上位者看失敗者的心理，
有許多參賽者事後都表示很不喜歡教練使用這樣的言語羞辱，來達到節目效果。而在後續
幾季中也出現「服用大量咖啡因」的用藥事件、選手從肥胖反而變成過瘦，不健康的體態
最後成為冠軍。這都讓許多觀眾意識到《超級減肥王》的減肥並不是越減越健康，而是不
僅沒有健康的身體、還遭受精神羞辱、最後也無法得到自己想像中的成果，和美好的人生
。






《為減而減：減肥達人背後的殘酷真相》值得一看嗎：

在過去年代，因為資訊傳播來源單一，都是以電視電台、雜誌書籍為主，有些節目或藝人
也都經過層層包裝，在過了數十年後網路世代，可思想和看待社會態度的轉變後，許多事
情才逐漸浮出水面。紀錄影集《為減而減：減肥達人背後的殘酷真相》，敘述關於2000年
時在綜藝節目的高峰期，雖然產生出許多直到現在也讓人印象深刻的有趣節目，但同時也
有不少人多年之後跳出來，表達關於這些節目幕前幕後的故事，尤其在素人實境秀風行，
多了很多不是業界的角度，甚至是一般觀眾和自我的感觸。

《為減而減：減肥達人背後的殘酷真相》中的故事，讓我想到也請過往節目工作人員和演
員來表達自己拍攝節目過程，一樣是實境秀的幕後揭發，紀錄片《肌情過後：美國角鬥士
傳奇揭秘》（2023），不過不同的是《美國角鬥士》是1989 年開播的節目，可以看到整
個表演者分潤、節目安全、和過勞被壓榨的，過往美國社會勞工法案基礎還未妥善的年代
。

《為減而減：減肥達人背後的殘酷真相》的《超級減肥王》則是在於，節目主營造的觀眾
對［肥胖」的獵奇心理，跟病態的過度減重，而導致參賽者的健康失衡，隨著醫學觀念的
認識逐年進步，許多健身教練或醫生都覺得《超級減肥王》是一個很可怕，極度不健康的
節目。




不管是《為減而減：減肥達人背後的殘酷真相》或《肌情過後：美國角鬥士傳奇揭秘》這
些實境秀節目，日後解密或背後紀錄片，其實都在傳達著，過往雖然在電視上觀眾從節目
得到娛樂的回憶是真，參加的素人選手或挑戰也不全部都是壞處，但它也帶來因為「娛樂
效果」所帶來的傷害。像《超級減肥王》為何之後被一些醫生和觀眾撻伐，除了為了娛樂
效果過度消費「肥胖」之外，更糟糕的是這節目的減肥觀念是相當錯誤，且有誤導性，甚
至嚴重的話可能會導致不可逆的身體傷害，甚至因為減肥而讓生命陷入險境。

美國肥胖症相關醫學人員，也對於《為減而減：減肥達人背後的殘酷真相》提出看法，這
節目證明了胖的人不是懶惰不動或意志力薄弱，很有可能跟賀爾蒙、飲食習慣、代謝率有
關係，事後《紐約時報》引用《Obesity》期刊的研究報導《After ‘The Biggest
Loser, Their Bodies Fought to Regain Weight》（2016），表示這些參賽者因為短期
過激的減重，每日基礎代謝率會比普通人少燃燒500卡以上。

這也證實節目中大量減少的不只有脂肪，還包括肌肉與代謝率的流失，整體而言《超級減
肥王》恰巧證明了短期大量減重是一種反科學的行為，而從《為減而減：減肥達人背後的
殘酷真相》中也看見，社會中對肥胖者的不友好表現，間接讓這樣傷害自己健康的減肥手
段無法消失。
https://www.youtube.com/watch?v=AQGCPZ2VC0c"
[情報] 【爆彈】預告,cowlove,12/23,2,2,https://www.ptt.cc/bbs/movie/M.1766491095.A.709.html,"https://i.meee.com.tw/Z1wrLzG.jpg
https://www.youtube.com/watch?v=Y_0xiL_ZyhI
～蟬聯日本三週真人電影票房冠軍~
~改編自2023推理小說雙冠王之作~

【魔仿犯】永井聰 最新導演作品
【哥吉拉-1.0】山田裕貴
【電影版 勿說是推理】伊藤沙莉
佐藤二朗、染谷將太、坂東龍汰

一名酒後鬧事被帶回警局的男子鈴木，自稱突然有了感應，他準確預告了秋葉原的爆炸案
，並撂下「從現在開始將有三回合的爆炸」。緊接著，街頭陸續出現爆炸聲與哀鳴，東京
陷入恐懼的連續爆炸案件。炸彈被安置在哪裡？目的又是什麼？鈴木到底是誰？一連串撲
朔迷離的謎團隨著爆炸案而展開，為了查出真相，警方找來談判專家，然而此刻嫌犯卻和
警方玩起了一場猜謎遊戲。每一句話都是提示，每一個挑戰都是倒數，這場爆炸案猶如密
室中的解謎遊戲，帶領警方在東京街頭展開一場追逐炸彈的生死鬥。"
N/A (本文已被刪除),-,12/23,X2,-2,N/A,N/A
[討論] 復仇者聯盟5:隊長前導預告,arsl400,12/23,31,31,https://www.ptt.cc/bbs/movie/M.1766499556.A.1B7.html,"https://youtu.be/UiMg566PREA?si=uWgBq7ikobg4M8U1
這次終於不是AI啦
漫威正式發布復聯5隊長預告
接下來是索爾"
[新聞] 《復仇者5》公布末日博士預告片片長！,abiann,12/23,1,1,https://www.ptt.cc/bbs/movie/M.1766500806.A.348.html,"《復仇者5》評級機構公布末日博士預告片片長！
https://www.epochtimes.com/b5/25/12/22/n14660259.htm
國際評級機構已經公布《復仇者聯盟5：末日崛起》（Avengers: Doomsday）的第二支和第
三支預告片的片長，同時傳出第三支預告片是關於末日博士，內容包含了一些驚駭片段。

據《ComicBookMovie》報導，《復仇者聯盟5》總共會有四支預告片，分別在四週內與《阿
凡達：火與燼》一同在影院放映，雖然有傳言會有第五支預告片，但尚未得到證實。目前，
已經知道第一支預告片聚焦在「美國隊長」史蒂芬‧羅傑斯，接下來的幾支預告片將分別以
雷神索爾、洛基和末日博士為主角。

除第一支預告片外，瑞典電影評級機構KAVI對接下來的兩支預

告片進行了評級，並公布第二支預告片長達1分39秒，

而第三支預告片則只有短短的1分9秒。據報導，第三支是有關

末日博士的預告片，內容包含了一些「驚駭片段」。

上週一，首支預告片在網路上洩露後，現在已證實了美國男

演員克里斯‧伊凡（Chris Evans）回歸扮演美國隊長。

至於第二支預告片最快可能明天就會發布，最晚需等到週四或週五。

據《The Direct》報導，粉絲拍下的現場影片，在巴黎勒

大雷克斯劇院（Le Grande Rex）放映《復仇者聯盟5》

首支預告片後，現場觀眾有鼓掌、歡呼。

還有網友，分享了另一段印度影院現場反應影片。影片中

，觀眾在每個重要畫面出現時都尖叫，第一個歡呼點是克

里斯騎著機車回到家門口的鏡頭。當出現美國隊長的戰袍時觀眾歡

呼不斷，直到克里斯手裡抱著新生兒的畫面出現，歡呼聲更大了。

據《ＭovieWeb》報導，雖然在漫威漫畫中，克里斯有了孩子，

但在漫威電影宇宙（MCU）中還尚未出現過。那克里斯抱的孩

子會是誰呢？據報導，這孩子很可能是「佩姬‧卡特」和克里

斯的，他們倆人有一個獨生女叫「莎倫‧羅傑斯」。

莎倫的出身來自《Marvel Future Fight》這款遊戲，

裡頭的世界設定是美國隊長從來沒被冰封（70年的冷凍保存）

，所以二戰後他跟佩姬就能在一起生活。後來克里斯退休了，莎倫

接下美國隊長的衣缽。雖然莎倫的身世背景成謎，但她很適合出現在《復仇者聯盟5》的劇
情裡。"
[情報]   《大濛》 12/25-31特典：相遇款海報,toebb,12/23,6,6,https://www.ptt.cc/bbs/movie/M.1766500825.A.ECB.html,"https://i.mopix.cc/zq9Edj.jpg
《大濛》 12/25-12/31 特典 —— 相遇款海報
我們都是別人的風景。
凡購買 《大濛》 12/25-12/31 電影票一張，
憑電影票於 12/25起至原購票影城
即可兌換阿月與趙公道的相遇款海報

A3 尺寸海報 ／ 新超感輕塗
https://i.mopix.cc/OOscja.jpg
注意事項
★ 實體票券、電子票、電影交換券皆可兌換特典。
★ 贈品領取以臨櫃兌換順序為主，網路及 APP 購票之觀眾，請盡早至影城領取。
★ 特典不得跨影城兌換，贈品以實物為主，數量有限送完為止。
★主辦單位保留修改活動內容之權利，並保留活動最終解釋權。活動詳情請洽影城官方網
站或現場告示。
《大濛》 A Foggy Tale
動盪的大時代．最溫暖的光輝
時刻查詢
https://reurl.cc/nlDmge"
Re: [問題] 阿凡達：火與燼 有關鯨魚議會,mid9ht,12/23,2,2,https://www.ptt.cc/bbs/movie/M.1766501314.A.348.html,"其實並不難想像為什麼他們會衍生這種文化

因為他們是海洋生物鏈的頂端，唯一可以殺他們的只有其他同類。 所以如果嚴格禁止任
何暴力行為，他們就可以享有和平。

今天是因為有更高層次的人威脅到他們生存，所以才需要改變

其實看看我們人類也是一樣，如果全人類禁止所有屠殺跟紛爭，整個人類可以進步的更高
。
但我們要把資源浪費在鬥爭跟內鬥上

阿凡達其實很多故事都是要給我們人類自己反思"
[新聞] 《蜘蛛人4》卡司曝光！《鐵拳俠》《夜魔,abiann,12/23,5,5,https://www.ptt.cc/bbs/movie/M.1766502663.A.84F.html,"《蜘蛛人4》卡司曝光！《鐵拳俠》《夜魔俠》班底加入演出！
https://www.toy-people.com/?p=106236
《蜘蛛人4：重生日》更多卡司曝光！又有《鐵拳俠》《夜魔俠》影集班底加入演出

近日剛宣佈殺青的《蜘蛛人4：重生日》（Spider-Man：Brand New Day）至今尚未公開完整
的卡司陣容，不過坊間一直有新的傳聞爆出更多演員的加入，例如今天，知名影視記者-丹
尼爾瑞奇曼（Daniel Richtman）就在他的《Patreon》頁面透露，在《鐵拳俠》（Iron Fis
t）、《夜魔俠》（Daredevil）等 Netflix 街頭英雄系列影集扮演「午夜護士」克萊兒的
蘿莎莉歐道森（Rosario Dawson），也將於《重生日》尬上一角。

《重生日》目前確認登場的卡司還有「蜘蛛人」湯姆霍蘭（Tom Holland）、「浩克」馬克
魯法洛（Mark Ruffalo）、「制裁者」強柏恩瑟（Jon Bernthal）、「蠍子人」麥可曼多（
Michael Mando）、「奈德」雅各貝塔隆（Jacob Batalon）、「MJ」千黛亞（Zendaya），
以及角色身份尚未曝光的莎蒂辛克（Sadie Sink）、崔梅爾提爾曼（Tramell Tillman）等
人。

本集改由《尚氣與十環傳奇》（Shang-Chi and the Legend of the Ten Rings）導演-德斯
汀丹尼爾克雷頓（Destin Daniel Cretton）接棒執導，前三集的編劇檔 — 克里斯麥肯納
（Chris McKenna）、艾瑞克桑莫斯（Erik Sommers）則繼續執筆劇本，預定明年 07 月 31
 日上映。"
N/A (本文已被刪除),-,12/23,0,0,N/A,N/A
